Dataset,task_id,Solver,solved,cell_valid,objective_value,best_objective_reference,best_objective_reference_source,objective_gap,active_cell_id,unsupported_reason,solve_time_ms,compiled_cell_count,compile_source
Architecture-NCARB50-v2,ARCH_FKG_100,CTHR default solver,True,True,-4.719999999999927,-4.7200056,best-known cell-valid backend,1.1864392856333287e-06,ARCH_FKG_100_cthr_compiled_cell_1,,685.5309999082237,1,"[""cthr_predicted_valid_rules_plus_compiled_templates""]"
Architecture-NCARB50-v2,ARCH_FKG_100,ASP/clingo over CTHR cells,True,True,-4.720000000000001,-4.7200056,best-known cell-valid backend,1.1864392700149556e-06,ARCH_FKG_100_cthr_compiled_cell_1,,399.72719992510974,1,"[""cthr_predicted_valid_rules_plus_compiled_templates""]"
Architecture-NCARB50-v2,ARCH_FKG_100,SLSQP over CTHR cells,True,True,-4.719999999999914,-4.7200056,best-known cell-valid backend,1.1864392884559263e-06,ARCH_FKG_100_cthr_compiled_cell_1,,34.42849998828024,1,"[""cthr_predicted_valid_rules_plus_compiled_templates""]"
Architecture-NCARB50-v2,ARCH_FKG_100,CP-SAT + OR-Tools over CTHR cells,True,True,-4.720000000000001,-4.7200056,best-known cell-valid backend,1.1864392700149556e-06,ARCH_FKG_100_cthr_compiled_cell_1,,5.216300021857023,1,"[""cthr_predicted_valid_rules_plus_compiled_templates""]"
Architecture-NCARB50-v2,ARCH_FKG_100,SCIP over CTHR cells,True,True,-4.7200056,-4.7200056,best-known cell-valid backend,0.0,ARCH_FKG_100_cthr_compiled_cell_1,,4.614700097590685,1,"[""cthr_predicted_valid_rules_plus_compiled_templates""]"
Architecture-NCARB50-v2,ARCH_FKG_51,CTHR default solver,True,True,-10.578544932538549,-10.578544932538549,best-known cell-valid backend,0.0,ARCH_FKG_51_cthr_compiled_cell_1,,278.3866999670863,1,"[""cthr_predicted_valid_rules_plus_compiled_templates""]"
Architecture-NCARB50-v2,ARCH_FKG_51,ASP/clingo over CTHR cells,True,True,-10.559999999999999,-10.578544932538549,best-known cell-valid backend,0.001753070262031444,ARCH_FKG_51_cthr_compiled_cell_1,,180.97879993729293,1,"[""cthr_predicted_valid_rules_plus_compiled_templates""]"
Architecture-NCARB50-v2,ARCH_FKG_51,SLSQP over CTHR cells,True,True,-10.559999999999999,-10.578544932538549,best-known cell-valid backend,0.001753070262031444,ARCH_FKG_51_cthr_compiled_cell_1,,19.794499967247248,1,"[""cthr_predicted_valid_rules_plus_compiled_templates""]"
Architecture-NCARB50-v2,ARCH_FKG_51,CP-SAT + OR-Tools over CTHR cells,True,True,-10.553472,-10.578544932538549,best-known cell-valid backend,0.0023701683639927875,ARCH_FKG_51_cthr_compiled_cell_1,,188.7477000709623,1,"[""cthr_predicted_valid_rules_plus_compiled_templates""]"
Architecture-NCARB50-v2,ARCH_FKG_51,SCIP over CTHR cells,True,True,-10.559999999999999,-10.578544932538549,best-known cell-valid backend,0.001753070262031444,ARCH_FKG_51_cthr_compiled_cell_1,,3.4736000234261155,1,"[""cthr_predicted_valid_rules_plus_compiled_templates""]"
Architecture-NCARB50-v2,ARCH_FKG_52,CTHR default solver,True,True,2.719679999973465,2.7196798570400533,best-known cell-valid backend,5.2555234157625187e-08,ARCH_FKG_52_cthr_compiled_cell_1,,495.69350003730506,1,"[""cthr_predicted_valid_rules_plus_compiled_templates""]"
Architecture-NCARB50-v2,ARCH_FKG_52,ASP/clingo over CTHR cells,True,True,2.7196799999999994,2.7196798570400533,best-known cell-valid backend,5.256499057443657e-08,ARCH_FKG_52_cthr_compiled_cell_1,,321.9230000395328,1,"[""cthr_predicted_valid_rules_plus_compiled_templates""]"
Architecture-NCARB50-v2,ARCH_FKG_52,SLSQP over CTHR cells,True,True,2.7196799999970414,2.7196798570400533,best-known cell-valid backend,5.256390291766032e-08,ARCH_FKG_52_cthr_compiled_cell_1,,47.37990000285208,1,"[""cthr_predicted_valid_rules_plus_compiled_templates""]"
Architecture-NCARB50-v2,ARCH_FKG_52,CP-SAT + OR-Tools over CTHR cells,True,True,2.7196799999999994,2.7196798570400533,best-known cell-valid backend,5.256499057443657e-08,ARCH_FKG_52_cthr_compiled_cell_1,,2.6289999950677156,1,"[""cthr_predicted_valid_rules_plus_compiled_templates""]"
Architecture-NCARB50-v2,ARCH_FKG_52,SCIP over CTHR cells,True,True,2.7196798570400533,2.7196798570400533,best-known cell-valid backend,0.0,ARCH_FKG_52_cthr_compiled_cell_1,,254.73339995369315,1,"[""cthr_predicted_valid_rules_plus_compiled_templates""]"
Architecture-NCARB50-v2,ARCH_FKG_53,CTHR default solver,True,True,-1.2640000001230196,-1.2640192,best-known cell-valid backend,1.5189545352714515e-05,ARCH_FKG_53_cthr_compiled_cell_1,,650.6798000773415,1,"[""cthr_predicted_valid_rules_plus_compiled_templates""]"
Architecture-NCARB50-v2,ARCH_FKG_53,ASP/clingo over CTHR cells,True,True,-1.2640000000000007,-1.2640192,best-known cell-valid backend,1.518964267633767e-05,ARCH_FKG_53_cthr_compiled_cell_1,,418.8158999895677,1,"[""cthr_predicted_valid_rules_plus_compiled_templates""]"
Architecture-NCARB50-v2,ARCH_FKG_53,SLSQP over CTHR cells,True,True,-1.2640000000000016,-1.2640192,best-known cell-valid backend,1.5189642675635006e-05,ARCH_FKG_53_cthr_compiled_cell_1,,21.088900044560432,1,"[""cthr_predicted_valid_rules_plus_compiled_templates""]"
Architecture-NCARB50-v2,ARCH_FKG_53,CP-SAT + OR-Tools over CTHR cells,True,True,-1.2640000000000007,-1.2640192,best-known cell-valid backend,1.518964267633767e-05,ARCH_FKG_53_cthr_compiled_cell_1,,1.5545000787824392,1,"[""cthr_predicted_valid_rules_plus_compiled_templates""]"
Architecture-NCARB50-v2,ARCH_FKG_53,SCIP over CTHR cells,True,True,-1.2640192,-1.2640192,best-known cell-valid backend,0.0,ARCH_FKG_53_cthr_compiled_cell_1,,2.8663999401032925,1,"[""cthr_predicted_valid_rules_plus_compiled_templates""]"
Architecture-NCARB50-v2,ARCH_FKG_54,CTHR default solver,True,True,-7.380000000000001,-7.380000000038586,best-known cell-valid backend,5.228338086938003e-12,ARCH_FKG_54_cthr_compiled_cell_1,,690.2968999929726,1,"[""cthr_predicted_valid_rules_plus_compiled_templates""]"
Architecture-NCARB50-v2,ARCH_FKG_54,ASP/clingo over CTHR cells,True,True,-7.38,-7.380000000038586,best-known cell-valid backend,5.228458436317349e-12,ARCH_FKG_54_cthr_compiled_cell_1,,418.34890004247427,1,"[""cthr_predicted_valid_rules_plus_compiled_templates""]"
Architecture-NCARB50-v2,ARCH_FKG_54,SLSQP over CTHR cells,True,True,-7.380000000038586,-7.380000000038586,best-known cell-valid backend,0.0,ARCH_FKG_54_cthr_compiled_cell_1,,46.729200053960085,1,"[""cthr_predicted_valid_rules_plus_compiled_templates""]"
Architecture-NCARB50-v2,ARCH_FKG_54,CP-SAT + OR-Tools over CTHR cells,True,True,-7.38,-7.380000000038586,best-known cell-valid backend,5.228458436317349e-12,ARCH_FKG_54_cthr_compiled_cell_1,,16.75860001705587,1,"[""cthr_predicted_valid_rules_plus_compiled_templates""]"
Architecture-NCARB50-v2,ARCH_FKG_54,SCIP over CTHR cells,True,True,-7.379999999999999,-7.380000000038586,best-known cell-valid backend,5.228578785696695e-12,ARCH_FKG_54_cthr_compiled_cell_1,,2.8740999987348914,1,"[""cthr_predicted_valid_rules_plus_compiled_templates""]"
Architecture-NCARB50-v2,ARCH_FKG_55,CTHR default solver,True,True,-4.399999999999322,-4.400000008482703,best-known cell-valid backend,1.9280411569137917e-09,ARCH_FKG_55_cthr_compiled_cell_1,,761.7457000305876,1,"[""cthr_predicted_valid_rules_plus_compiled_templates""]"
Architecture-NCARB50-v2,ARCH_FKG_55,ASP/clingo over CTHR cells,True,True,-4.400000008482703,-4.400000008482703,best-known cell-valid backend,0.0,ARCH_FKG_55_cthr_compiled_cell_1,,1026.118400041014,1,"[""cthr_predicted_valid_rules_plus_compiled_templates""]"
Architecture-NCARB50-v2,ARCH_FKG_55,SLSQP over CTHR cells,True,True,-4.399999988342484,-4.400000008482703,best-known cell-valid backend,4.577322551522388e-09,ARCH_FKG_55_cthr_compiled_cell_1,,376.28740002401173,1,"[""cthr_predicted_valid_rules_plus_compiled_templates""]"
Architecture-NCARB50-v2,ARCH_FKG_55,CP-SAT + OR-Tools over CTHR cells,True,True,-4.4,-4.400000008482703,best-known cell-valid backend,1.927886936843067e-09,ARCH_FKG_55_cthr_compiled_cell_1,,5.359499948099256,1,"[""cthr_predicted_valid_rules_plus_compiled_templates""]"
Architecture-NCARB50-v2,ARCH_FKG_55,SCIP over CTHR cells,True,True,-4.4,-4.400000008482703,best-known cell-valid backend,1.927886936843067e-09,ARCH_FKG_55_cthr_compiled_cell_1,,6.449899985454977,1,"[""cthr_predicted_valid_rules_plus_compiled_templates""]"
Architecture-NCARB50-v2,ARCH_FKG_56,CTHR default solver,True,True,-4.487500000000043,-4.48750000000045,best-known cell-valid backend,9.064862755029926e-14,ARCH_FKG_56_cthr_compiled_cell_1,,482.34869993757457,1,"[""cthr_predicted_valid_rules_plus_compiled_templates""]"
Architecture-NCARB50-v2,ARCH_FKG_56,ASP/clingo over CTHR cells,True,True,-4.487500000000043,-4.48750000000045,best-known cell-valid backend,9.064862755029926e-14,ARCH_FKG_56_cthr_compiled_cell_1,,308.49840003065765,1,"[""cthr_predicted_valid_rules_plus_compiled_templates""]"
Architecture-NCARB50-v2,ARCH_FKG_56,SLSQP over CTHR cells,True,True,-4.48750000000045,-4.48750000000045,best-known cell-valid backend,0.0,ARCH_FKG_56_cthr_compiled_cell_1,,23.587599978782237,1,"[""cthr_predicted_valid_rules_plus_compiled_templates""]"
Architecture-NCARB50-v2,ARCH_FKG_56,CP-SAT + OR-Tools over CTHR cells,True,True,-4.4875,-4.48750000000045,best-known cell-valid backend,1.0034684316157582e-13,ARCH_FKG_56_cthr_compiled_cell_1,,2.7482999721542,1,"[""cthr_predicted_valid_rules_plus_compiled_templates""]"
Architecture-NCARB50-v2,ARCH_FKG_56,SCIP over CTHR cells,True,True,-4.4875,-4.48750000000045,best-known cell-valid backend,1.0034684316157582e-13,ARCH_FKG_56_cthr_compiled_cell_1,,5.150899989530444,1,"[""cthr_predicted_valid_rules_plus_compiled_templates""]"
Architecture-NCARB50-v2,ARCH_FKG_57,CTHR default solver,True,True,-3.0840000000000045,-3.0840151999999996,best-known cell-valid backend,4.928639777838766e-06,ARCH_FKG_57_cthr_compiled_cell_1,,658.5918000200763,1,"[""cthr_predicted_valid_rules_plus_compiled_templates""]"
Architecture-NCARB50-v2,ARCH_FKG_57,ASP/clingo over CTHR cells,True,True,-3.0840000000653554,-3.0840151999999996,best-known cell-valid backend,4.928618587659213e-06,ARCH_FKG_57_cthr_compiled_cell_1,,421.3854999979958,1,"[""cthr_predicted_valid_rules_plus_compiled_templates""]"
Architecture-NCARB50-v2,ARCH_FKG_57,SLSQP over CTHR cells,True,True,-3.0839999999994387,-3.0840151999999996,best-known cell-valid backend,4.928639961291057e-06,ARCH_FKG_57_cthr_compiled_cell_1,,34.74179992917925,1,"[""cthr_predicted_valid_rules_plus_compiled_templates""]"
Architecture-NCARB50-v2,ARCH_FKG_57,CP-SAT + OR-Tools over CTHR cells,True,True,-3.0840000000000005,-3.0840151999999996,best-known cell-valid backend,4.928639779134739e-06,ARCH_FKG_57_cthr_compiled_cell_1,,1.5932000242173672,1,"[""cthr_predicted_valid_rules_plus_compiled_templates""]"
Architecture-NCARB50-v2,ARCH_FKG_57,SCIP over CTHR cells,True,True,-3.0840151999999996,-3.0840151999999996,best-known cell-valid backend,0.0,ARCH_FKG_57_cthr_compiled_cell_1,,2.9205000028014183,1,"[""cthr_predicted_valid_rules_plus_compiled_templates""]"
Architecture-NCARB50-v2,ARCH_FKG_58,CTHR default solver,True,True,-1.676666666665609,-1.6766666666666667,best-known cell-valid backend,6.309068571959894e-13,ARCH_FKG_58_cthr_compiled_cell_1,,471.7956999083981,1,"[""cthr_predicted_valid_rules_plus_compiled_templates""]"
Architecture-NCARB50-v2,ARCH_FKG_58,ASP/clingo over CTHR cells,True,True,-1.6766666666666659,-1.6766666666666667,best-known cell-valid backend,5.297286794256838e-16,ARCH_FKG_58_cthr_compiled_cell_1,,301.1927999323234,1,"[""cthr_predicted_valid_rules_plus_compiled_templates""]"
Architecture-NCARB50-v2,ARCH_FKG_58,SLSQP over CTHR cells,True,True,-1.6766666665234293,-1.6766666666666667,best-known cell-valid backend,8.542987385965945e-11,ARCH_FKG_58_cthr_compiled_cell_1,,23.67310004774481,1,"[""cthr_predicted_valid_rules_plus_compiled_templates""]"
Architecture-NCARB50-v2,ARCH_FKG_58,CP-SAT + OR-Tools over CTHR cells,True,True,-1.6766459999999999,-1.6766666666666667,best-known cell-valid backend,1.2326043730356757e-05,ARCH_FKG_58_cthr_compiled_cell_1,,2.271600067615509,1,"[""cthr_predicted_valid_rules_plus_compiled_templates""]"
Architecture-NCARB50-v2,ARCH_FKG_58,SCIP over CTHR cells,True,True,-1.6766666666666667,-1.6766666666666667,best-known cell-valid backend,0.0,ARCH_FKG_58_cthr_compiled_cell_1,,3.7235000636428595,1,"[""cthr_predicted_valid_rules_plus_compiled_templates""]"
Architecture-NCARB50-v2,ARCH_FKG_59,CTHR default solver,True,True,-2.5,-2.5,best-known cell-valid backend,0.0,ARCH_FKG_59_cthr_compiled_cell_1,,466.0406999755651,1,"[""cthr_predicted_valid_rules_plus_compiled_templates""]"
Architecture-NCARB50-v2,ARCH_FKG_59,ASP/clingo over CTHR cells,True,True,-2.5,-2.5,best-known cell-valid backend,0.0,ARCH_FKG_59_cthr_compiled_cell_1,,272.9332000017166,1,"[""cthr_predicted_valid_rules_plus_compiled_templates""]"
Architecture-NCARB50-v2,ARCH_FKG_59,SLSQP over CTHR cells,True,True,-2.499999999999994,-2.5,best-known cell-valid backend,2.4868995741655906e-15,ARCH_FKG_59_cthr_compiled_cell_1,,16.060099937021732,1,"[""cthr_predicted_valid_rules_plus_compiled_templates""]"
Architecture-NCARB50-v2,ARCH_FKG_59,CP-SAT + OR-Tools over CTHR cells,True,True,-2.5,-2.5,best-known cell-valid backend,0.0,ARCH_FKG_59_cthr_compiled_cell_1,,2.8630999149754643,1,"[""cthr_predicted_valid_rules_plus_compiled_templates""]"
Architecture-NCARB50-v2,ARCH_FKG_59,SCIP over CTHR cells,True,True,-2.5,-2.5,best-known cell-valid backend,0.0,ARCH_FKG_59_cthr_compiled_cell_1,,3.294799942523241,1,"[""cthr_predicted_valid_rules_plus_compiled_templates""]"
Architecture-NCARB50-v2,ARCH_FKG_60,CTHR default solver,True,True,12.95,12.949999999999791,best-known cell-valid backend,1.6048938238902218e-14,ARCH_FKG_60_cthr_compiled_cell_1,,472.92440000455827,1,"[""cthr_predicted_valid_rules_plus_compiled_templates""]"
Architecture-NCARB50-v2,ARCH_FKG_60,ASP/clingo over CTHR cells,True,True,12.95,12.949999999999791,best-known cell-valid backend,1.6048938238902218e-14,ARCH_FKG_60_cthr_compiled_cell_1,,311.0057999147102,1,"[""cthr_predicted_valid_rules_plus_compiled_templates""]"
Architecture-NCARB50-v2,ARCH_FKG_60,SLSQP over CTHR cells,True,True,12.949999999999791,12.949999999999791,best-known cell-valid backend,0.0,ARCH_FKG_60_cthr_compiled_cell_1,,23.781800060532987,1,"[""cthr_predicted_valid_rules_plus_compiled_templates""]"
Architecture-NCARB50-v2,ARCH_FKG_60,CP-SAT + OR-Tools over CTHR cells,True,True,12.95,12.949999999999791,best-known cell-valid backend,1.6048938238902218e-14,ARCH_FKG_60_cthr_compiled_cell_1,,1.4662999892607331,1,"[""cthr_predicted_valid_rules_plus_compiled_templates""]"
Architecture-NCARB50-v2,ARCH_FKG_60,SCIP over CTHR cells,True,True,12.95,12.949999999999791,best-known cell-valid backend,1.6048938238902218e-14,ARCH_FKG_60_cthr_compiled_cell_1,,3.5456999903544784,1,"[""cthr_predicted_valid_rules_plus_compiled_templates""]"
Architecture-NCARB50-v2,ARCH_FKG_61,CTHR default solver,True,True,4.0400000000000045,4.0399943999999985,best-known cell-valid backend,1.3861405363700634e-06,ARCH_FKG_61_cthr_compiled_cell_1,,490.339900017716,1,"[""cthr_predicted_valid_rules_plus_compiled_templates""]"
Architecture-NCARB50-v2,ARCH_FKG_61,ASP/clingo over CTHR cells,True,True,4.0400000000000045,4.0399943999999985,best-known cell-valid backend,1.3861405363700634e-06,ARCH_FKG_61_cthr_compiled_cell_1,,341.3632999872789,1,"[""cthr_predicted_valid_rules_plus_compiled_templates""]"
Architecture-NCARB50-v2,ARCH_FKG_61,SLSQP over CTHR cells,True,True,4.039999999991935,4.0399943999999985,best-known cell-valid backend,1.3861385390650819e-06,ARCH_FKG_61_cthr_compiled_cell_1,,28.924899990670383,1,"[""cthr_predicted_valid_rules_plus_compiled_templates""]"
Architecture-NCARB50-v2,ARCH_FKG_61,CP-SAT + OR-Tools over CTHR cells,True,True,4.04,4.0399943999999985,best-known cell-valid backend,1.3861405352708313e-06,ARCH_FKG_61_cthr_compiled_cell_1,,1.7291000112891197,1,"[""cthr_predicted_valid_rules_plus_compiled_templates""]"
Architecture-NCARB50-v2,ARCH_FKG_61,SCIP over CTHR cells,True,True,4.0399943999999985,4.0399943999999985,best-known cell-valid backend,0.0,ARCH_FKG_61_cthr_compiled_cell_1,,3.209599992260337,1,"[""cthr_predicted_valid_rules_plus_compiled_templates""]"
Architecture-NCARB50-v2,ARCH_FKG_62,CTHR default solver,True,True,0.0,-3.1999999998788555e-06,best-known cell-valid backend,0.9996875976257301,ARCH_FKG_62_cthr_compiled_cell_1,,317.0103000011295,1,"[""cthr_predicted_valid_rules_plus_compiled_templates""]"
Architecture-NCARB50-v2,ARCH_FKG_62,ASP/clingo over CTHR cells,True,True,1.2361639489810728e-16,-3.1999999998788555e-06,best-known cell-valid backend,0.9996875976643481,ARCH_FKG_62_cthr_compiled_cell_1,,205.6976999156177,1,"[""cthr_predicted_valid_rules_plus_compiled_templates""]"
Architecture-NCARB50-v2,ARCH_FKG_62,SLSQP over CTHR cells,True,True,9.264811140496933e-15,-3.1999999998788555e-06,best-known cell-valid backend,0.9996876005200791,ARCH_FKG_62_cthr_compiled_cell_1,,19.50250007212162,1,"[""cthr_predicted_valid_rules_plus_compiled_templates""]"
Architecture-NCARB50-v2,ARCH_FKG_62,CP-SAT + OR-Tools over CTHR cells,True,True,0.0,-3.1999999998788555e-06,best-known cell-valid backend,0.9996875976257301,ARCH_FKG_62_cthr_compiled_cell_1,,1.6122000524774194,1,"[""cthr_predicted_valid_rules_plus_compiled_templates""]"
Architecture-NCARB50-v2,ARCH_FKG_62,SCIP over CTHR cells,True,True,-3.1999999998788555e-06,-3.1999999998788555e-06,best-known cell-valid backend,0.0,ARCH_FKG_62_cthr_compiled_cell_1,,3.530199988745153,1,"[""cthr_predicted_valid_rules_plus_compiled_templates""]"
Architecture-NCARB50-v2,ARCH_FKG_63,CTHR default solver,True,True,-3.62,-3.62,best-known cell-valid backend,0.0,ARCH_FKG_63_cthr_compiled_cell_1,,418.6535000335425,1,"[""cthr_predicted_valid_rules_plus_compiled_templates""]"
Architecture-NCARB50-v2,ARCH_FKG_63,ASP/clingo over CTHR cells,True,True,-3.62,-3.62,best-known cell-valid backend,0.0,ARCH_FKG_63_cthr_compiled_cell_1,,241.013600025326,1,"[""cthr_predicted_valid_rules_plus_compiled_templates""]"
Architecture-NCARB50-v2,ARCH_FKG_63,SLSQP over CTHR cells,True,True,-3.6199999999999797,-3.62,best-known cell-valid backend,5.6431225545468945e-15,ARCH_FKG_63_cthr_compiled_cell_1,,19.224299932830036,1,"[""cthr_predicted_valid_rules_plus_compiled_templates""]"
Architecture-NCARB50-v2,ARCH_FKG_63,CP-SAT + OR-Tools over CTHR cells,True,True,-3.62,-3.62,best-known cell-valid backend,0.0,ARCH_FKG_63_cthr_compiled_cell_1,,1.780599937774241,1,"[""cthr_predicted_valid_rules_plus_compiled_templates""]"
Architecture-NCARB50-v2,ARCH_FKG_63,SCIP over CTHR cells,True,True,-3.62,-3.62,best-known cell-valid backend,0.0,ARCH_FKG_63_cthr_compiled_cell_1,,4.0071000112220645,1,"[""cthr_predicted_valid_rules_plus_compiled_templates""]"
Architecture-NCARB50-v2,ARCH_FKG_64,CTHR default solver,True,True,-1.4000000000000732,-1.4000057000000012,best-known cell-valid backend,4.071411940668174e-06,ARCH_FKG_64_cthr_compiled_cell_1,,298.54560003150254,1,"[""cthr_predicted_valid_rules_plus_compiled_templates""]"
Architecture-NCARB50-v2,ARCH_FKG_64,ASP/clingo over CTHR cells,True,True,-1.4000000000000732,-1.4000057000000012,best-known cell-valid backend,4.071411940668174e-06,ARCH_FKG_64_cthr_compiled_cell_1,,177.2845999803394,1,"[""cthr_predicted_valid_rules_plus_compiled_templates""]"
Architecture-NCARB50-v2,ARCH_FKG_64,SLSQP over CTHR cells,True,True,-1.4000000000000732,-1.4000057000000012,best-known cell-valid backend,4.071411940668174e-06,ARCH_FKG_64_cthr_compiled_cell_1,,4.0213000029325485,1,"[""cthr_predicted_valid_rules_plus_compiled_templates""]"
Architecture-NCARB50-v2,ARCH_FKG_64,CP-SAT + OR-Tools over CTHR cells,True,True,-1.3999999999999995,-1.4000057000000012,best-known cell-valid backend,4.071411993324251e-06,ARCH_FKG_64_cthr_compiled_cell_1,,1.4115000376477838,1,"[""cthr_predicted_valid_rules_plus_compiled_templates""]"
Architecture-NCARB50-v2,ARCH_FKG_64,SCIP over CTHR cells,True,True,-1.4000057000000012,-1.4000057000000012,best-known cell-valid backend,0.0,ARCH_FKG_64_cthr_compiled_cell_1,,2.9259000439196825,1,"[""cthr_predicted_valid_rules_plus_compiled_templates""]"
Architecture-NCARB50-v2,ARCH_FKG_65,CTHR default solver,True,True,-0.45,-0.45,best-known cell-valid backend,0.0,ARCH_FKG_65_cthr_compiled_cell_1,,272.5248000351712,1,"[""cthr_predicted_valid_rules_plus_compiled_templates""]"
Architecture-NCARB50-v2,ARCH_FKG_65,ASP/clingo over CTHR cells,True,True,-0.4499999999999999,-0.45,best-known cell-valid backend,2.467162271462209e-16,ARCH_FKG_65_cthr_compiled_cell_1,,161.7801000829786,1,"[""cthr_predicted_valid_rules_plus_compiled_templates""]"
Architecture-NCARB50-v2,ARCH_FKG_65,SLSQP over CTHR cells,True,True,-0.4499999999999946,-0.45,best-known cell-valid backend,1.1965737016591715e-14,ARCH_FKG_65_cthr_compiled_cell_1,,12.848000042140484,1,"[""cthr_predicted_valid_rules_plus_compiled_templates""]"
Architecture-NCARB50-v2,ARCH_FKG_65,CP-SAT + OR-Tools over CTHR cells,True,True,-0.45,-0.45,best-known cell-valid backend,0.0,ARCH_FKG_65_cthr_compiled_cell_1,,1.4759000623598695,1,"[""cthr_predicted_valid_rules_plus_compiled_templates""]"
Architecture-NCARB50-v2,ARCH_FKG_65,SCIP over CTHR cells,True,True,-0.45,-0.45,best-known cell-valid backend,0.0,ARCH_FKG_65_cthr_compiled_cell_1,,2.797399996779859,1,"[""cthr_predicted_valid_rules_plus_compiled_templates""]"
Architecture-NCARB50-v2,ARCH_FKG_66,CTHR default solver,True,True,-11.857142857146794,-11.857142857146794,best-known cell-valid backend,0.0,ARCH_FKG_66_cthr_compiled_cell_1,,330.4333999985829,1,"[""cthr_predicted_valid_rules_plus_compiled_templates""]"
Architecture-NCARB50-v2,ARCH_FKG_66,ASP/clingo over CTHR cells,True,True,-11.85714285714217,-11.857142857146794,best-known cell-valid backend,3.899638309394153e-13,ARCH_FKG_66_cthr_compiled_cell_1,,214.8869999218732,1,"[""cthr_predicted_valid_rules_plus_compiled_templates""]"
Architecture-NCARB50-v2,ARCH_FKG_66,SLSQP over CTHR cells,True,True,-11.857142857142893,-11.857142857146794,best-known cell-valid backend,3.2898984738492353e-13,ARCH_FKG_66_cthr_compiled_cell_1,,31.15659998729825,1,"[""cthr_predicted_valid_rules_plus_compiled_templates""]"
Architecture-NCARB50-v2,ARCH_FKG_66,CP-SAT + OR-Tools over CTHR cells,True,True,-11.857099999999999,-11.857142857146794,best-known cell-valid backend,3.6144581631253666e-06,ARCH_FKG_66_cthr_compiled_cell_1,,2.171900006942451,1,"[""cthr_predicted_valid_rules_plus_compiled_templates""]"
Architecture-NCARB50-v2,ARCH_FKG_66,SCIP over CTHR cells,True,True,-11.857142857142858,-11.857142857146794,best-known cell-valid backend,3.319861119330558e-13,ARCH_FKG_66_cthr_compiled_cell_1,,3.451499971561134,1,"[""cthr_predicted_valid_rules_plus_compiled_templates""]"
Architecture-NCARB50-v2,ARCH_FKG_67,CTHR default solver,True,True,-4.600000000000005,-4.600000000000005,best-known cell-valid backend,0.0,ARCH_FKG_67_cthr_compiled_cell_1,,453.84639990516007,1,"[""cthr_predicted_valid_rules_plus_compiled_templates""]"
Architecture-NCARB50-v2,ARCH_FKG_67,ASP/clingo over CTHR cells,True,True,-4.600000000000005,-4.600000000000005,best-known cell-valid backend,0.0,ARCH_FKG_67_cthr_compiled_cell_1,,265.4589000158012,1,"[""cthr_predicted_valid_rules_plus_compiled_templates""]"
Architecture-NCARB50-v2,ARCH_FKG_67,SLSQP over CTHR cells,True,True,-4.600000000000005,-4.600000000000005,best-known cell-valid backend,0.0,ARCH_FKG_67_cthr_compiled_cell_1,,13.075700029730797,1,"[""cthr_predicted_valid_rules_plus_compiled_templates""]"
Architecture-NCARB50-v2,ARCH_FKG_67,CP-SAT + OR-Tools over CTHR cells,True,True,-4.6,-4.600000000000005,best-known cell-valid backend,1.158493590661359e-15,ARCH_FKG_67_cthr_compiled_cell_1,,1.5184000367298722,1,"[""cthr_predicted_valid_rules_plus_compiled_templates""]"
Architecture-NCARB50-v2,ARCH_FKG_67,SCIP over CTHR cells,True,True,-4.6,-4.600000000000005,best-known cell-valid backend,1.158493590661359e-15,ARCH_FKG_67_cthr_compiled_cell_1,,2.7796999784186482,1,"[""cthr_predicted_valid_rules_plus_compiled_templates""]"
Architecture-NCARB50-v2,ARCH_FKG_68,CTHR default solver,True,True,-4.6,-4.6,best-known cell-valid backend,0.0,ARCH_FKG_68_cthr_compiled_cell_1,,263.35350004956126,1,"[""cthr_predicted_valid_rules_plus_compiled_templates""]"
Architecture-NCARB50-v2,ARCH_FKG_68,ASP/clingo over CTHR cells,True,True,-4.6,-4.6,best-known cell-valid backend,0.0,ARCH_FKG_68_cthr_compiled_cell_1,,175.7864000974223,1,"[""cthr_predicted_valid_rules_plus_compiled_templates""]"
Architecture-NCARB50-v2,ARCH_FKG_68,SLSQP over CTHR cells,True,True,-4.599999999999998,-4.6,best-known cell-valid backend,3.861645302204535e-16,ARCH_FKG_68_cthr_compiled_cell_1,,13.685100013390183,1,"[""cthr_predicted_valid_rules_plus_compiled_templates""]"
Architecture-NCARB50-v2,ARCH_FKG_68,CP-SAT + OR-Tools over CTHR cells,True,True,-4.6,-4.6,best-known cell-valid backend,0.0,ARCH_FKG_68_cthr_compiled_cell_1,,1.4001999516040087,1,"[""cthr_predicted_valid_rules_plus_compiled_templates""]"
Architecture-NCARB50-v2,ARCH_FKG_68,SCIP over CTHR cells,True,True,-4.6,-4.6,best-known cell-valid backend,0.0,ARCH_FKG_68_cthr_compiled_cell_1,,2.8043000493198633,1,"[""cthr_predicted_valid_rules_plus_compiled_templates""]"
Architecture-NCARB50-v2,ARCH_FKG_69,CTHR default solver,True,True,-2.8000000000032004,-2.8000000000032004,best-known cell-valid backend,0.0,ARCH_FKG_69_cthr_compiled_cell_1,,447.1533999312669,1,"[""cthr_predicted_valid_rules_plus_compiled_templates""]"
Architecture-NCARB50-v2,ARCH_FKG_69,ASP/clingo over CTHR cells,True,True,-2.8000000000032004,-2.8000000000032004,best-known cell-valid backend,0.0,ARCH_FKG_69_cthr_compiled_cell_1,,268.80859991069883,1,"[""cthr_predicted_valid_rules_plus_compiled_templates""]"
Architecture-NCARB50-v2,ARCH_FKG_69,SLSQP over CTHR cells,True,True,-2.799999999999991,-2.8000000000032004,best-known cell-valid backend,1.1462259708701814e-12,ARCH_FKG_69_cthr_compiled_cell_1,,18.89499998651445,1,"[""cthr_predicted_valid_rules_plus_compiled_templates""]"
Architecture-NCARB50-v2,ARCH_FKG_69,CP-SAT + OR-Tools over CTHR cells,True,True,-2.8,-2.8000000000032004,best-known cell-valid backend,1.1430539050866748e-12,ARCH_FKG_69_cthr_compiled_cell_1,,1.3898001052439213,1,"[""cthr_predicted_valid_rules_plus_compiled_templates""]"
Architecture-NCARB50-v2,ARCH_FKG_69,SCIP over CTHR cells,True,True,-2.8,-2.8000000000032004,best-known cell-valid backend,1.1430539050866748e-12,ARCH_FKG_69_cthr_compiled_cell_1,,3.96459992043674,1,"[""cthr_predicted_valid_rules_plus_compiled_templates""]"
Architecture-NCARB50-v2,ARCH_FKG_70,CTHR default solver,True,True,-9.279999999999998,-9.28,best-known cell-valid backend,1.914177628457794e-16,ARCH_FKG_70_cthr_compiled_cell_1,,1209.6933999564499,1,"[""cthr_predicted_valid_rules_plus_compiled_templates""]"
Architecture-NCARB50-v2,ARCH_FKG_70,ASP/clingo over CTHR cells,True,True,-9.279999999999998,-9.28,best-known cell-valid backend,1.914177628457794e-16,ARCH_FKG_70_cthr_compiled_cell_1,,631.0666999779642,1,"[""cthr_predicted_valid_rules_plus_compiled_templates""]"
Architecture-NCARB50-v2,ARCH_FKG_70,SLSQP over CTHR cells,True,True,-9.28,-9.28,best-known cell-valid backend,0.0,ARCH_FKG_70_cthr_compiled_cell_1,,38.24649995658547,1,"[""cthr_predicted_valid_rules_plus_compiled_templates""]"
Architecture-NCARB50-v2,ARCH_FKG_70,CP-SAT + OR-Tools over CTHR cells,True,True,-9.28,-9.28,best-known cell-valid backend,0.0,ARCH_FKG_70_cthr_compiled_cell_1,,1.7447000136598945,1,"[""cthr_predicted_valid_rules_plus_compiled_templates""]"
Architecture-NCARB50-v2,ARCH_FKG_70,SCIP over CTHR cells,True,True,-9.28,-9.28,best-known cell-valid backend,0.0,ARCH_FKG_70_cthr_compiled_cell_1,,2.954100025817752,1,"[""cthr_predicted_valid_rules_plus_compiled_templates""]"
Architecture-NCARB50-v2,ARCH_FKG_71,CTHR default solver,True,True,-8.755,-8.755007,best-known cell-valid backend,7.995424788684605e-07,ARCH_FKG_71_cthr_compiled_cell_1,,705.4941999958828,1,"[""cthr_predicted_valid_rules_plus_compiled_templates""]"
Architecture-NCARB50-v2,ARCH_FKG_71,ASP/clingo over CTHR cells,True,True,-8.754999999999999,-8.755007,best-known cell-valid backend,7.995424790713567e-07,ARCH_FKG_71_cthr_compiled_cell_1,,435.7249999884516,1,"[""cthr_predicted_valid_rules_plus_compiled_templates""]"
Architecture-NCARB50-v2,ARCH_FKG_71,SLSQP over CTHR cells,True,True,-8.755000000000143,-8.755007,best-known cell-valid backend,7.99542462636772e-07,ARCH_FKG_71_cthr_compiled_cell_1,,27.137600001879036,1,"[""cthr_predicted_valid_rules_plus_compiled_templates""]"
Architecture-NCARB50-v2,ARCH_FKG_71,CP-SAT + OR-Tools over CTHR cells,True,True,-8.755,-8.755007,best-known cell-valid backend,7.995424788684605e-07,ARCH_FKG_71_cthr_compiled_cell_1,,1.571600092574954,1,"[""cthr_predicted_valid_rules_plus_compiled_templates""]"
Architecture-NCARB50-v2,ARCH_FKG_71,SCIP over CTHR cells,True,True,-8.755007,-8.755007,best-known cell-valid backend,0.0,ARCH_FKG_71_cthr_compiled_cell_1,,2.8167000273242593,1,"[""cthr_predicted_valid_rules_plus_compiled_templates""]"
Architecture-NCARB50-v2,ARCH_FKG_72,CTHR default solver,True,True,2.079999999999634,2.0799934,best-known cell-valid backend,3.173086814003412e-06,ARCH_FKG_72_cthr_compiled_cell_1,,292.6251000026241,1,"[""cthr_predicted_valid_rules_plus_compiled_templates""]"
Architecture-NCARB50-v2,ARCH_FKG_72,ASP/clingo over CTHR cells,True,True,2.079999999999634,2.0799934,best-known cell-valid backend,3.173086814003412e-06,ARCH_FKG_72_cthr_compiled_cell_1,,190.6765999738127,1,"[""cthr_predicted_valid_rules_plus_compiled_templates""]"
Architecture-NCARB50-v2,ARCH_FKG_72,SLSQP over CTHR cells,True,True,2.079999999999634,2.0799934,best-known cell-valid backend,3.173086814003412e-06,ARCH_FKG_72_cthr_compiled_cell_1,,4.328499897383153,1,"[""cthr_predicted_valid_rules_plus_compiled_templates""]"
Architecture-NCARB50-v2,ARCH_FKG_72,CP-SAT + OR-Tools over CTHR cells,True,True,2.08,2.0799934,best-known cell-valid backend,3.1730869899316184e-06,ARCH_FKG_72_cthr_compiled_cell_1,,1.4696000143885612,1,"[""cthr_predicted_valid_rules_plus_compiled_templates""]"
Architecture-NCARB50-v2,ARCH_FKG_72,SCIP over CTHR cells,True,True,2.0799934,2.0799934,best-known cell-valid backend,0.0,ARCH_FKG_72_cthr_compiled_cell_1,,2.8970000566914678,1,"[""cthr_predicted_valid_rules_plus_compiled_templates""]"
Architecture-NCARB50-v2,ARCH_FKG_73,CTHR default solver,True,True,-39.653977984764566,-39.653977984764566,best-known cell-valid backend,0.0,ARCH_FKG_73_cthr_compiled_cell_1,,304.2735999915749,1,"[""cthr_predicted_valid_rules_plus_compiled_templates""]"
Architecture-NCARB50-v2,ARCH_FKG_73,ASP/clingo over CTHR cells,True,True,-39.65275983859304,-39.653977984764566,best-known cell-valid backend,3.071939395239704e-05,ARCH_FKG_73_cthr_compiled_cell_1,,179.20050001703203,1,"[""cthr_predicted_valid_rules_plus_compiled_templates""]"
Architecture-NCARB50-v2,ARCH_FKG_73,SLSQP over CTHR cells,True,True,-39.648000000002355,-39.653977984764566,best-known cell-valid backend,0.00015075372171631944,ARCH_FKG_73_cthr_compiled_cell_1,,17.805000068619847,1,"[""cthr_predicted_valid_rules_plus_compiled_templates""]"
Architecture-NCARB50-v2,ARCH_FKG_73,CP-SAT + OR-Tools over CTHR cells,True,True,-39.644388,-39.653977984764566,best-known cell-valid backend,0.0002418416827691177,ARCH_FKG_73_cthr_compiled_cell_1,,178.16410004161298,1,"[""cthr_predicted_valid_rules_plus_compiled_templates""]"
Architecture-NCARB50-v2,ARCH_FKG_73,SCIP over CTHR cells,True,True,-39.648,-39.653977984764566,best-known cell-valid backend,0.00015075372177562993,ARCH_FKG_73_cthr_compiled_cell_1,,3.072699997574091,1,"[""cthr_predicted_valid_rules_plus_compiled_templates""]"
Architecture-NCARB50-v2,ARCH_FKG_74,CTHR default solver,True,True,-10.239999999999998,-10.24,best-known cell-valid backend,1.7347234758074004e-16,ARCH_FKG_74_cthr_compiled_cell_1,,898.6694000195712,1,"[""cthr_predicted_valid_rules_plus_compiled_templates""]"
Architecture-NCARB50-v2,ARCH_FKG_74,ASP/clingo over CTHR cells,True,True,-10.239999999999998,-10.24,best-known cell-valid backend,1.7347234758074004e-16,ARCH_FKG_74_cthr_compiled_cell_1,,679.8151999246329,1,"[""cthr_predicted_valid_rules_plus_compiled_templates""]"
Architecture-NCARB50-v2,ARCH_FKG_74,SLSQP over CTHR cells,True,True,-10.24,-10.24,best-known cell-valid backend,0.0,ARCH_FKG_74_cthr_compiled_cell_1,,66.46200001705438,1,"[""cthr_predicted_valid_rules_plus_compiled_templates""]"
Architecture-NCARB50-v2,ARCH_FKG_74,CP-SAT + OR-Tools over CTHR cells,True,True,-10.24,-10.24,best-known cell-valid backend,0.0,ARCH_FKG_74_cthr_compiled_cell_1,,1.6556000337004662,1,"[""cthr_predicted_valid_rules_plus_compiled_templates""]"
Architecture-NCARB50-v2,ARCH_FKG_74,SCIP over CTHR cells,True,True,-10.24,-10.24,best-known cell-valid backend,0.0,ARCH_FKG_74_cthr_compiled_cell_1,,3.3450000919401646,1,"[""cthr_predicted_valid_rules_plus_compiled_templates""]"
Architecture-NCARB50-v2,ARCH_FKG_75,CTHR default solver,True,True,-8.400000000000107,-8.400000000000107,best-known cell-valid backend,0.0,ARCH_FKG_75_cthr_compiled_cell_1,,1129.060799954459,1,"[""cthr_predicted_valid_rules_plus_compiled_templates""]"
Architecture-NCARB50-v2,ARCH_FKG_75,ASP/clingo over CTHR cells,True,True,-8.399999999999999,-8.400000000000107,best-known cell-valid backend,1.2899734189346924e-14,ARCH_FKG_75_cthr_compiled_cell_1,,631.6993000218645,1,"[""cthr_predicted_valid_rules_plus_compiled_templates""]"
Architecture-NCARB50-v2,ARCH_FKG_75,SLSQP over CTHR cells,True,True,-8.399999999999999,-8.400000000000107,best-known cell-valid backend,1.2899734189346924e-14,ARCH_FKG_75_cthr_compiled_cell_1,,34.84470001421869,1,"[""cthr_predicted_valid_rules_plus_compiled_templates""]"
Architecture-NCARB50-v2,ARCH_FKG_75,CP-SAT + OR-Tools over CTHR cells,True,True,-8.399999999999999,-8.400000000000107,best-known cell-valid backend,1.2899734189346924e-14,ARCH_FKG_75_cthr_compiled_cell_1,,2.4203999200835824,1,"[""cthr_predicted_valid_rules_plus_compiled_templates""]"
Architecture-NCARB50-v2,ARCH_FKG_75,SCIP over CTHR cells,True,True,-8.399999999999999,-8.400000000000107,best-known cell-valid backend,1.2899734189346924e-14,ARCH_FKG_75_cthr_compiled_cell_1,,4.875399987213314,1,"[""cthr_predicted_valid_rules_plus_compiled_templates""]"
Architecture-NCARB50-v2,ARCH_FKG_76,CTHR default solver,True,True,3.7499999998532303,3.749998625000046,best-known cell-valid backend,3.6662765011593874e-07,ARCH_FKG_76_cthr_compiled_cell_1,,569.5253000594676,1,"[""cthr_predicted_valid_rules_plus_compiled_templates""]"
Architecture-NCARB50-v2,ARCH_FKG_76,ASP/clingo over CTHR cells,True,True,3.7499999998532303,3.749998625000046,best-known cell-valid backend,3.6662765011593874e-07,ARCH_FKG_76_cthr_compiled_cell_1,,336.35070000309497,1,"[""cthr_predicted_valid_rules_plus_compiled_templates""]"
Architecture-NCARB50-v2,ARCH_FKG_76,SLSQP over CTHR cells,True,True,3.7499999998532303,3.749998625000046,best-known cell-valid backend,3.6662765011593874e-07,ARCH_FKG_76_cthr_compiled_cell_1,,35.19830002915114,1,"[""cthr_predicted_valid_rules_plus_compiled_templates""]"
Architecture-NCARB50-v2,ARCH_FKG_76,CP-SAT + OR-Tools over CTHR cells,True,True,3.750000000000057,3.749998625000046,best-known cell-valid backend,3.66666803877196e-07,ARCH_FKG_76_cthr_compiled_cell_1,,1.6261000419035554,1,"[""cthr_predicted_valid_rules_plus_compiled_templates""]"
Architecture-NCARB50-v2,ARCH_FKG_76,SCIP over CTHR cells,True,True,3.749998625000046,3.749998625000046,best-known cell-valid backend,0.0,ARCH_FKG_76_cthr_compiled_cell_1,,3.2854999881237745,1,"[""cthr_predicted_valid_rules_plus_compiled_templates""]"
Architecture-NCARB50-v2,ARCH_FKG_77,CTHR default solver,True,True,4.06,4.059995799999999,best-known cell-valid backend,1.0344838285786681e-06,ARCH_FKG_77_cthr_compiled_cell_1,,502.92989995796233,1,"[""cthr_predicted_valid_rules_plus_compiled_templates""]"
Architecture-NCARB50-v2,ARCH_FKG_77,ASP/clingo over CTHR cells,True,True,4.060000000000014,4.059995799999999,best-known cell-valid backend,1.0344838320788823e-06,ARCH_FKG_77_cthr_compiled_cell_1,,375.3128000535071,1,"[""cthr_predicted_valid_rules_plus_compiled_templates""]"
Architecture-NCARB50-v2,ARCH_FKG_77,SLSQP over CTHR cells,True,True,4.0600000000000005,4.059995799999999,best-known cell-valid backend,1.0344838287974315e-06,ARCH_FKG_77_cthr_compiled_cell_1,,46.180899953469634,1,"[""cthr_predicted_valid_rules_plus_compiled_templates""]"
Architecture-NCARB50-v2,ARCH_FKG_77,CP-SAT + OR-Tools over CTHR cells,True,True,4.06,4.059995799999999,best-known cell-valid backend,1.0344838285786681e-06,ARCH_FKG_77_cthr_compiled_cell_1,,2.0750999683514237,1,"[""cthr_predicted_valid_rules_plus_compiled_templates""]"
Architecture-NCARB50-v2,ARCH_FKG_77,SCIP over CTHR cells,True,True,4.059995799999999,4.059995799999999,best-known cell-valid backend,0.0,ARCH_FKG_77_cthr_compiled_cell_1,,4.652599920518696,1,"[""cthr_predicted_valid_rules_plus_compiled_templates""]"
Architecture-NCARB50-v2,ARCH_FKG_78,CTHR default solver,True,True,-309.99999999999994,-310.00000100000005,best-known cell-valid backend,3.2258067997840247e-09,ARCH_FKG_78_cthr_compiled_cell_1,,424.533799989149,1,"[""cthr_predicted_valid_rules_plus_compiled_templates""]"
Architecture-NCARB50-v2,ARCH_FKG_78,ASP/clingo over CTHR cells,True,True,-309.99999999999983,-310.00000100000005,best-known cell-valid backend,3.225807166515758e-09,ARCH_FKG_78_cthr_compiled_cell_1,,237.22090001683682,1,"[""cthr_predicted_valid_rules_plus_compiled_templates""]"
Architecture-NCARB50-v2,ARCH_FKG_78,SLSQP over CTHR cells,True,True,-310.0000000013671,-310.00000100000005,best-known cell-valid backend,3.221396667324003e-09,ARCH_FKG_78_cthr_compiled_cell_1,,24.980299989692867,1,"[""cthr_predicted_valid_rules_plus_compiled_templates""]"
Architecture-NCARB50-v2,ARCH_FKG_78,CP-SAT + OR-Tools over CTHR cells,True,True,-310.0,-310.00000100000005,best-known cell-valid backend,3.225806616418158e-09,ARCH_FKG_78_cthr_compiled_cell_1,,1.423100009560585,1,"[""cthr_predicted_valid_rules_plus_compiled_templates""]"
Architecture-NCARB50-v2,ARCH_FKG_78,SCIP over CTHR cells,True,True,-310.00000100000005,-310.00000100000005,best-known cell-valid backend,0.0,ARCH_FKG_78_cthr_compiled_cell_1,,2.6358000468462706,1,"[""cthr_predicted_valid_rules_plus_compiled_templates""]"
Architecture-NCARB50-v2,ARCH_FKG_79,CTHR default solver,True,True,1.9199999999999997,1.919986,best-known cell-valid backend,7.291719831522066e-06,ARCH_FKG_79_cthr_compiled_cell_1,,402.53219997975975,1,"[""cthr_predicted_valid_rules_plus_compiled_templates""]"
Architecture-NCARB50-v2,ARCH_FKG_79,ASP/clingo over CTHR cells,True,True,1.9200000000000002,1.919986,best-known cell-valid backend,7.291719831753364e-06,ARCH_FKG_79_cthr_compiled_cell_1,,266.8072999222204,1,"[""cthr_predicted_valid_rules_plus_compiled_templates""]"
Architecture-NCARB50-v2,ARCH_FKG_79,SLSQP over CTHR cells,True,True,1.9200000000000021,1.919986,best-known cell-valid backend,7.291719832794206e-06,ARCH_FKG_79_cthr_compiled_cell_1,,30.006399960257113,1,"[""cthr_predicted_valid_rules_plus_compiled_templates""]"
Architecture-NCARB50-v2,ARCH_FKG_79,CP-SAT + OR-Tools over CTHR cells,True,True,1.919986,1.919986,best-known cell-valid backend,0.0,ARCH_FKG_79_cthr_compiled_cell_1,,1.1943000135943294,1,"[""cthr_predicted_valid_rules_plus_compiled_templates""]"
Architecture-NCARB50-v2,ARCH_FKG_79,SCIP over CTHR cells,True,True,1.9199958,1.919986,best-known cell-valid backend,5.1042038821348354e-06,ARCH_FKG_79_cthr_compiled_cell_1,,2.9298000736162066,1,"[""cthr_predicted_valid_rules_plus_compiled_templates""]"
Architecture-NCARB50-v2,ARCH_FKG_80,CTHR default solver,True,True,-11.000000000000005,-11.0000055,best-known cell-valid backend,4.99999749499727e-07,ARCH_FKG_80_cthr_compiled_cell_1,,309.32230001781136,1,"[""cthr_predicted_valid_rules_plus_compiled_templates""]"
Architecture-NCARB50-v2,ARCH_FKG_80,ASP/clingo over CTHR cells,True,True,-10.999999999999996,-11.0000055,best-known cell-valid backend,4.999997503071615e-07,ARCH_FKG_80_cthr_compiled_cell_1,,186.37680006213486,1,"[""cthr_predicted_valid_rules_plus_compiled_templates""]"
Architecture-NCARB50-v2,ARCH_FKG_80,SLSQP over CTHR cells,True,True,-11.000000000000774,-11.0000055,best-known cell-valid backend,4.999996795758973e-07,ARCH_FKG_80_cthr_compiled_cell_1,,14.821000047959387,1,"[""cthr_predicted_valid_rules_plus_compiled_templates""]"
Architecture-NCARB50-v2,ARCH_FKG_80,CP-SAT + OR-Tools over CTHR cells,True,True,-11.0,-11.0000055,best-known cell-valid backend,4.999997499841877e-07,ARCH_FKG_80_cthr_compiled_cell_1,,1.549400039948523,1,"[""cthr_predicted_valid_rules_plus_compiled_templates""]"
Architecture-NCARB50-v2,ARCH_FKG_80,SCIP over CTHR cells,True,True,-11.0000055,-11.0000055,best-known cell-valid backend,0.0,ARCH_FKG_80_cthr_compiled_cell_1,,2.782900002785027,1,"[""cthr_predicted_valid_rules_plus_compiled_templates""]"
Architecture-NCARB50-v2,ARCH_FKG_81,CTHR default solver,True,True,-4.000000000000024,-4.0000000000213936,best-known cell-valid backend,5.342393193132081e-12,ARCH_FKG_81_cthr_compiled_cell_1,,511.9058999698609,1,"[""cthr_predicted_valid_rules_plus_compiled_templates""]"
Architecture-NCARB50-v2,ARCH_FKG_81,ASP/clingo over CTHR cells,True,True,-4.0000000000213936,-4.0000000000213936,best-known cell-valid backend,0.0,ARCH_FKG_81_cthr_compiled_cell_1,,277.36249996814877,1,"[""cthr_predicted_valid_rules_plus_compiled_templates""]"
Architecture-NCARB50-v2,ARCH_FKG_81,SLSQP over CTHR cells,True,True,-4.000000000000024,-4.0000000000213936,best-known cell-valid backend,5.342393193132081e-12,ARCH_FKG_81_cthr_compiled_cell_1,,29.436000040732324,1,"[""cthr_predicted_valid_rules_plus_compiled_templates""]"
Architecture-NCARB50-v2,ARCH_FKG_81,CP-SAT + OR-Tools over CTHR cells,True,True,-4.0,-4.0000000000213936,best-known cell-valid backend,5.3483883974635265e-12,ARCH_FKG_81_cthr_compiled_cell_1,,25.661599938757718,1,"[""cthr_predicted_valid_rules_plus_compiled_templates""]"
Architecture-NCARB50-v2,ARCH_FKG_81,SCIP over CTHR cells,True,True,-4.0,-4.0000000000213936,best-known cell-valid backend,5.3483883974635265e-12,ARCH_FKG_81_cthr_compiled_cell_1,,2.933400101028383,1,"[""cthr_predicted_valid_rules_plus_compiled_templates""]"
Architecture-NCARB50-v2,ARCH_FKG_82,CTHR default solver,True,True,-5.200000000000001,-5.200000000000001,best-known cell-valid backend,0.0,ARCH_FKG_82_cthr_compiled_cell_1,,437.84829997457564,1,"[""cthr_predicted_valid_rules_plus_compiled_templates""]"
Architecture-NCARB50-v2,ARCH_FKG_82,ASP/clingo over CTHR cells,True,True,-5.200000000000001,-5.200000000000001,best-known cell-valid backend,0.0,ARCH_FKG_82_cthr_compiled_cell_1,,265.25840000249445,1,"[""cthr_predicted_valid_rules_plus_compiled_templates""]"
Architecture-NCARB50-v2,ARCH_FKG_82,SLSQP over CTHR cells,True,True,-5.200000000000001,-5.200000000000001,best-known cell-valid backend,0.0,ARCH_FKG_82_cthr_compiled_cell_1,,11.287200031802058,1,"[""cthr_predicted_valid_rules_plus_compiled_templates""]"
Architecture-NCARB50-v2,ARCH_FKG_82,CP-SAT + OR-Tools over CTHR cells,True,True,-5.200000000000001,-5.200000000000001,best-known cell-valid backend,0.0,ARCH_FKG_82_cthr_compiled_cell_1,,1.3847999507561326,1,"[""cthr_predicted_valid_rules_plus_compiled_templates""]"
Architecture-NCARB50-v2,ARCH_FKG_82,SCIP over CTHR cells,True,True,-5.200000000000001,-5.200000000000001,best-known cell-valid backend,0.0,ARCH_FKG_82_cthr_compiled_cell_1,,2.901999978348613,1,"[""cthr_predicted_valid_rules_plus_compiled_templates""]"
Architecture-NCARB50-v2,ARCH_FKG_83,CTHR default solver,True,True,-9.002000000000008,-9.0020148,best-known cell-valid backend,1.6440763894458126e-06,ARCH_FKG_83_cthr_compiled_cell_1,,638.4277999168262,1,"[""cthr_predicted_valid_rules_plus_compiled_templates""]"
Architecture-NCARB50-v2,ARCH_FKG_83,ASP/clingo over CTHR cells,True,True,-9.002000000000008,-9.0020148,best-known cell-valid backend,1.6440763894458126e-06,ARCH_FKG_83_cthr_compiled_cell_1,,388.3427999680862,1,"[""cthr_predicted_valid_rules_plus_compiled_templates""]"
Architecture-NCARB50-v2,ARCH_FKG_83,SLSQP over CTHR cells,True,True,-9.002000000000008,-9.0020148,best-known cell-valid backend,1.6440763894458126e-06,ARCH_FKG_83_cthr_compiled_cell_1,,17.236200044862926,1,"[""cthr_predicted_valid_rules_plus_compiled_templates""]"
Architecture-NCARB50-v2,ARCH_FKG_83,CP-SAT + OR-Tools over CTHR cells,True,True,-9.002,-9.0020148,best-known cell-valid backend,1.6440763902351278e-06,ARCH_FKG_83_cthr_compiled_cell_1,,1.643699943087995,1,"[""cthr_predicted_valid_rules_plus_compiled_templates""]"
Architecture-NCARB50-v2,ARCH_FKG_83,SCIP over CTHR cells,True,True,-9.0020148,-9.0020148,best-known cell-valid backend,0.0,ARCH_FKG_83_cthr_compiled_cell_1,,2.740600029937923,1,"[""cthr_predicted_valid_rules_plus_compiled_templates""]"
Architecture-NCARB50-v2,ARCH_FKG_84,CTHR default solver,True,True,-12.224000000774168,-12.2240062,best-known cell-valid backend,5.071353637591418e-07,ARCH_FKG_84_cthr_compiled_cell_1,,319.7015000041574,1,"[""cthr_predicted_valid_rules_plus_compiled_templates""]"
Architecture-NCARB50-v2,ARCH_FKG_84,ASP/clingo over CTHR cells,True,True,-12.223999999999958,-12.2240062,best-known cell-valid backend,5.071986990442249e-07,ARCH_FKG_84_cthr_compiled_cell_1,,197.5724999792874,1,"[""cthr_predicted_valid_rules_plus_compiled_templates""]"
Architecture-NCARB50-v2,ARCH_FKG_84,SLSQP over CTHR cells,True,True,-12.22400000000035,-12.2240062,best-known cell-valid backend,5.071986669291511e-07,ARCH_FKG_84_cthr_compiled_cell_1,,16.73439994920045,1,"[""cthr_predicted_valid_rules_plus_compiled_templates""]"
Architecture-NCARB50-v2,ARCH_FKG_84,CP-SAT + OR-Tools over CTHR cells,True,True,-12.224,-12.2240062,best-known cell-valid backend,5.07198695556615e-07,ARCH_FKG_84_cthr_compiled_cell_1,,1.5261999797075987,1,"[""cthr_predicted_valid_rules_plus_compiled_templates""]"
Architecture-NCARB50-v2,ARCH_FKG_84,SCIP over CTHR cells,True,True,-12.2240062,-12.2240062,best-known cell-valid backend,0.0,ARCH_FKG_84_cthr_compiled_cell_1,,2.978899981826544,1,"[""cthr_predicted_valid_rules_plus_compiled_templates""]"
Architecture-NCARB50-v2,ARCH_FKG_85,CTHR default solver,True,True,-8.880000000062473,-8.880004,best-known cell-valid backend,4.5044321214704715e-07,ARCH_FKG_85_cthr_compiled_cell_1,,309.7132999682799,1,"[""cthr_predicted_valid_rules_plus_compiled_templates""]"
Architecture-NCARB50-v2,ARCH_FKG_85,ASP/clingo over CTHR cells,True,True,-8.880000000397983,-8.880004,best-known cell-valid backend,4.50405429574201e-07,ARCH_FKG_85_cthr_compiled_cell_1,,191.25029991846532,1,"[""cthr_predicted_valid_rules_plus_compiled_templates""]"
Architecture-NCARB50-v2,ARCH_FKG_85,SLSQP over CTHR cells,True,True,-8.87999999999998,-8.880004,best-known cell-valid backend,4.5045024975761127e-07,ARCH_FKG_85_cthr_compiled_cell_1,,16.293899971060455,1,"[""cthr_predicted_valid_rules_plus_compiled_templates""]"
Architecture-NCARB50-v2,ARCH_FKG_85,CP-SAT + OR-Tools over CTHR cells,True,True,-8.88,-8.880004,best-known cell-valid backend,4.504502473571301e-07,ARCH_FKG_85_cthr_compiled_cell_1,,1.6877000452950597,1,"[""cthr_predicted_valid_rules_plus_compiled_templates""]"
Architecture-NCARB50-v2,ARCH_FKG_85,SCIP over CTHR cells,True,True,-8.880004,-8.880004,best-known cell-valid backend,0.0,ARCH_FKG_85_cthr_compiled_cell_1,,3.8408999098464847,1,"[""cthr_predicted_valid_rules_plus_compiled_templates""]"
Architecture-NCARB50-v2,ARCH_FKG_86,CTHR default solver,True,True,-10.500000000824251,-10.500000000824251,best-known cell-valid backend,0.0,ARCH_FKG_86_cthr_compiled_cell_1,,309.060400002636,1,"[""cthr_predicted_valid_rules_plus_compiled_templates""]"
Architecture-NCARB50-v2,ARCH_FKG_86,ASP/clingo over CTHR cells,True,True,-10.49999999999997,-10.500000000824251,best-known cell-valid backend,7.850296073208093e-11,ARCH_FKG_86_cthr_compiled_cell_1,,198.55610001832247,1,"[""cthr_predicted_valid_rules_plus_compiled_templates""]"
Architecture-NCARB50-v2,ARCH_FKG_86,SLSQP over CTHR cells,True,True,-10.49999999999999,-10.500000000824251,best-known cell-valid backend,7.850109978682093e-11,ARCH_FKG_86_cthr_compiled_cell_1,,20.115199964493513,1,"[""cthr_predicted_valid_rules_plus_compiled_templates""]"
Architecture-NCARB50-v2,ARCH_FKG_86,CP-SAT + OR-Tools over CTHR cells,True,True,-10.5,-10.500000000824251,best-known cell-valid backend,7.850008472577001e-11,ARCH_FKG_86_cthr_compiled_cell_1,,1.3469000114127994,1,"[""cthr_predicted_valid_rules_plus_compiled_templates""]"
Architecture-NCARB50-v2,ARCH_FKG_86,SCIP over CTHR cells,True,True,-10.5,-10.500000000824251,best-known cell-valid backend,7.850008472577001e-11,ARCH_FKG_86_cthr_compiled_cell_1,,2.9415000462904572,1,"[""cthr_predicted_valid_rules_plus_compiled_templates""]"
Architecture-NCARB50-v2,ARCH_FKG_87,CTHR default solver,True,True,-9.6000000004014,-9.6000000004014,best-known cell-valid backend,0.0,ARCH_FKG_87_cthr_compiled_cell_1,,293.3873001020402,1,"[""cthr_predicted_valid_rules_plus_compiled_templates""]"
Architecture-NCARB50-v2,ARCH_FKG_87,ASP/clingo over CTHR cells,True,True,-9.600000000005664,-9.6000000004014,best-known cell-valid backend,4.122239586114368e-11,ARCH_FKG_87_cthr_compiled_cell_1,,186.82639999315143,1,"[""cthr_predicted_valid_rules_plus_compiled_templates""]"
Architecture-NCARB50-v2,ARCH_FKG_87,SLSQP over CTHR cells,True,True,-9.599999999999897,-9.6000000004014,best-known cell-valid backend,4.1823211554548955e-11,ARCH_FKG_87_cthr_compiled_cell_1,,14.812400098890066,1,"[""cthr_predicted_valid_rules_plus_compiled_templates""]"
Architecture-NCARB50-v2,ARCH_FKG_87,CP-SAT + OR-Tools over CTHR cells,True,True,-9.6,-9.6000000004014,best-known cell-valid backend,4.1812479398645814e-11,ARCH_FKG_87_cthr_compiled_cell_1,,1.2616999447345734,1,"[""cthr_predicted_valid_rules_plus_compiled_templates""]"
Architecture-NCARB50-v2,ARCH_FKG_87,SCIP over CTHR cells,True,True,-9.6,-9.6000000004014,best-known cell-valid backend,4.1812479398645814e-11,ARCH_FKG_87_cthr_compiled_cell_1,,2.583299996331334,1,"[""cthr_predicted_valid_rules_plus_compiled_templates""]"
Architecture-NCARB50-v2,ARCH_FKG_88,CTHR default solver,True,True,-9.600000000088864,-9.600000000088864,best-known cell-valid backend,0.0,ARCH_FKG_88_cthr_compiled_cell_1,,491.1883999593556,1,"[""cthr_predicted_valid_rules_plus_compiled_templates""]"
Architecture-NCARB50-v2,ARCH_FKG_88,ASP/clingo over CTHR cells,True,True,-9.600000000088864,-9.600000000088864,best-known cell-valid backend,0.0,ARCH_FKG_88_cthr_compiled_cell_1,,310.5036999331787,1,"[""cthr_predicted_valid_rules_plus_compiled_templates""]"
Architecture-NCARB50-v2,ARCH_FKG_88,SLSQP over CTHR cells,True,True,-9.600000000088864,-9.600000000088864,best-known cell-valid backend,0.0,ARCH_FKG_88_cthr_compiled_cell_1,,33.91989995725453,1,"[""cthr_predicted_valid_rules_plus_compiled_templates""]"
Architecture-NCARB50-v2,ARCH_FKG_88,CP-SAT + OR-Tools over CTHR cells,True,True,-9.6,-9.600000000088864,best-known cell-valid backend,9.256669503933091e-12,ARCH_FKG_88_cthr_compiled_cell_1,,2.119900076650083,1,"[""cthr_predicted_valid_rules_plus_compiled_templates""]"
Architecture-NCARB50-v2,ARCH_FKG_88,SCIP over CTHR cells,True,True,-9.6,-9.600000000088864,best-known cell-valid backend,9.256669503933091e-12,ARCH_FKG_88_cthr_compiled_cell_1,,2.7462999569252133,1,"[""cthr_predicted_valid_rules_plus_compiled_templates""]"
Architecture-NCARB50-v2,ARCH_FKG_89,CTHR default solver,True,True,-4.7,-4.700003000000001,best-known cell-valid backend,6.382974648699237e-07,ARCH_FKG_89_cthr_compiled_cell_1,,392.872600001283,1,"[""cthr_predicted_valid_rules_plus_compiled_templates""]"
Architecture-NCARB50-v2,ARCH_FKG_89,ASP/clingo over CTHR cells,True,True,-4.700000000000001,-4.700003000000001,best-known cell-valid backend,6.382974646809497e-07,ARCH_FKG_89_cthr_compiled_cell_1,,245.61469990294427,1,"[""cthr_predicted_valid_rules_plus_compiled_templates""]"
Architecture-NCARB50-v2,ARCH_FKG_89,SLSQP over CTHR cells,True,True,-4.69999999999999,-4.700003000000001,best-known cell-valid backend,6.382974669486378e-07,ARCH_FKG_89_cthr_compiled_cell_1,,18.059699912555516,1,"[""cthr_predicted_valid_rules_plus_compiled_templates""]"
Architecture-NCARB50-v2,ARCH_FKG_89,CP-SAT + OR-Tools over CTHR cells,True,True,-4.7,-4.700003000000001,best-known cell-valid backend,6.382974648699237e-07,ARCH_FKG_89_cthr_compiled_cell_1,,1.3609000016003847,1,"[""cthr_predicted_valid_rules_plus_compiled_templates""]"
Architecture-NCARB50-v2,ARCH_FKG_89,SCIP over CTHR cells,True,True,-4.700003000000001,-4.700003000000001,best-known cell-valid backend,0.0,ARCH_FKG_89_cthr_compiled_cell_1,,2.914800075814128,1,"[""cthr_predicted_valid_rules_plus_compiled_templates""]"
Architecture-NCARB50-v2,ARCH_FKG_90,CTHR default solver,True,True,-4.7,-4.700003000000001,best-known cell-valid backend,6.382974648699237e-07,ARCH_FKG_90_cthr_compiled_cell_1,,399.6939000207931,1,"[""cthr_predicted_valid_rules_plus_compiled_templates""]"
Architecture-NCARB50-v2,ARCH_FKG_90,ASP/clingo over CTHR cells,True,True,-4.699999999999999,-4.700003000000001,best-known cell-valid backend,6.382974650588977e-07,ARCH_FKG_90_cthr_compiled_cell_1,,268.24210002087057,1,"[""cthr_predicted_valid_rules_plus_compiled_templates""]"
Architecture-NCARB50-v2,ARCH_FKG_90,SLSQP over CTHR cells,True,True,-4.699999999999993,-4.700003000000001,best-known cell-valid backend,6.382974663817158e-07,ARCH_FKG_90_cthr_compiled_cell_1,,17.30110007338226,1,"[""cthr_predicted_valid_rules_plus_compiled_templates""]"
Architecture-NCARB50-v2,ARCH_FKG_90,CP-SAT + OR-Tools over CTHR cells,True,True,-4.7,-4.700003000000001,best-known cell-valid backend,6.382974648699237e-07,ARCH_FKG_90_cthr_compiled_cell_1,,1.450599986128509,1,"[""cthr_predicted_valid_rules_plus_compiled_templates""]"
Architecture-NCARB50-v2,ARCH_FKG_90,SCIP over CTHR cells,True,True,-4.700003000000001,-4.700003000000001,best-known cell-valid backend,0.0,ARCH_FKG_90_cthr_compiled_cell_1,,2.7293000603094697,1,"[""cthr_predicted_valid_rules_plus_compiled_templates""]"
Architecture-NCARB50-v2,ARCH_FKG_91,CTHR default solver,True,True,-5.700000000000002,-5.700003000000001,best-known cell-valid backend,5.263155121351096e-07,ARCH_FKG_91_cthr_compiled_cell_1,,396.8129000859335,1,"[""cthr_predicted_valid_rules_plus_compiled_templates""]"
Architecture-NCARB50-v2,ARCH_FKG_91,ASP/clingo over CTHR cells,True,True,-5.7,-5.700003000000001,best-known cell-valid backend,5.26315512446751e-07,ARCH_FKG_91_cthr_compiled_cell_1,,249.20189997646958,1,"[""cthr_predicted_valid_rules_plus_compiled_templates""]"
Architecture-NCARB50-v2,ARCH_FKG_91,SLSQP over CTHR cells,True,True,-5.6999999999999895,-5.700003000000001,best-known cell-valid backend,5.263155143165993e-07,ARCH_FKG_91_cthr_compiled_cell_1,,21.326799993403256,1,"[""cthr_predicted_valid_rules_plus_compiled_templates""]"
Architecture-NCARB50-v2,ARCH_FKG_91,CP-SAT + OR-Tools over CTHR cells,True,True,-5.699975000000002,-5.700003000000001,best-known cell-valid backend,4.912278115234752e-06,ARCH_FKG_91_cthr_compiled_cell_1,,2.012799959629774,1,"[""cthr_predicted_valid_rules_plus_compiled_templates""]"
Architecture-NCARB50-v2,ARCH_FKG_91,SCIP over CTHR cells,True,True,-5.700003000000001,-5.700003000000001,best-known cell-valid backend,0.0,ARCH_FKG_91_cthr_compiled_cell_1,,2.6991000631824136,1,"[""cthr_predicted_valid_rules_plus_compiled_templates""]"
Architecture-NCARB50-v2,ARCH_FKG_92,CTHR default solver,True,True,-9.116,-9.1160184,best-known cell-valid backend,2.018425061325742e-06,ARCH_FKG_92_cthr_compiled_cell_1,,632.8249999787658,1,"[""cthr_predicted_valid_rules_plus_compiled_templates""]"
Architecture-NCARB50-v2,ARCH_FKG_92,ASP/clingo over CTHR cells,True,True,-9.116,-9.1160184,best-known cell-valid backend,2.018425061325742e-06,ARCH_FKG_92_cthr_compiled_cell_1,,406.3524000812322,1,"[""cthr_predicted_valid_rules_plus_compiled_templates""]"
Architecture-NCARB50-v2,ARCH_FKG_92,SLSQP over CTHR cells,True,True,-9.116000000000005,-9.1160184,best-known cell-valid backend,2.0184250607411588e-06,ARCH_FKG_92_cthr_compiled_cell_1,,21.05360000859946,1,"[""cthr_predicted_valid_rules_plus_compiled_templates""]"
Architecture-NCARB50-v2,ARCH_FKG_92,CP-SAT + OR-Tools over CTHR cells,True,True,-9.116,-9.1160184,best-known cell-valid backend,2.018425061325742e-06,ARCH_FKG_92_cthr_compiled_cell_1,,1.5004000160843134,1,"[""cthr_predicted_valid_rules_plus_compiled_templates""]"
Architecture-NCARB50-v2,ARCH_FKG_92,SCIP over CTHR cells,True,True,-9.1160184,-9.1160184,best-known cell-valid backend,0.0,ARCH_FKG_92_cthr_compiled_cell_1,,2.974300063215196,1,"[""cthr_predicted_valid_rules_plus_compiled_templates""]"
Architecture-NCARB50-v2,ARCH_FKG_93,CTHR default solver,True,True,-7.24,-7.240000000000018,best-known cell-valid backend,2.4535315457940508e-15,ARCH_FKG_93_cthr_compiled_cell_1,,874.8215000377968,1,"[""cthr_predicted_valid_rules_plus_compiled_templates""]"
Architecture-NCARB50-v2,ARCH_FKG_93,ASP/clingo over CTHR cells,True,True,-7.240000000000018,-7.240000000000018,best-known cell-valid backend,0.0,ARCH_FKG_93_cthr_compiled_cell_1,,539.9880999466404,1,"[""cthr_predicted_valid_rules_plus_compiled_templates""]"
Architecture-NCARB50-v2,ARCH_FKG_93,SLSQP over CTHR cells,True,True,-7.24,-7.240000000000018,best-known cell-valid backend,2.4535315457940508e-15,ARCH_FKG_93_cthr_compiled_cell_1,,27.44400000665337,1,"[""cthr_predicted_valid_rules_plus_compiled_templates""]"
Architecture-NCARB50-v2,ARCH_FKG_93,CP-SAT + OR-Tools over CTHR cells,True,True,-7.24,-7.240000000000018,best-known cell-valid backend,2.4535315457940508e-15,ARCH_FKG_93_cthr_compiled_cell_1,,1.5017000259831548,1,"[""cthr_predicted_valid_rules_plus_compiled_templates""]"
Architecture-NCARB50-v2,ARCH_FKG_93,SCIP over CTHR cells,True,True,-7.24,-7.240000000000018,best-known cell-valid backend,2.4535315457940508e-15,ARCH_FKG_93_cthr_compiled_cell_1,,2.9069000156596303,1,"[""cthr_predicted_valid_rules_plus_compiled_templates""]"
Architecture-NCARB50-v2,ARCH_FKG_94,CTHR default solver,True,True,0.919999999999999,0.9199760000000001,best-known cell-valid backend,2.6087637039255524e-05,ARCH_FKG_94_cthr_compiled_cell_1,,634.6980999223888,1,"[""cthr_predicted_valid_rules_plus_compiled_templates""]"
Architecture-NCARB50-v2,ARCH_FKG_94,ASP/clingo over CTHR cells,True,True,0.9199999997725001,0.9199760000000001,best-known cell-valid backend,2.6087389751382413e-05,ARCH_FKG_94_cthr_compiled_cell_1,,388.37239996064454,1,"[""cthr_predicted_valid_rules_plus_compiled_templates""]"
Architecture-NCARB50-v2,ARCH_FKG_94,SLSQP over CTHR cells,True,True,0.9200000000000004,0.9199760000000001,best-known cell-valid backend,2.608763704070368e-05,ARCH_FKG_94_cthr_compiled_cell_1,,34.62799999397248,1,"[""cthr_predicted_valid_rules_plus_compiled_templates""]"
Architecture-NCARB50-v2,ARCH_FKG_94,CP-SAT + OR-Tools over CTHR cells,True,True,0.919999999999999,0.9199760000000001,best-known cell-valid backend,2.6087637039255524e-05,ARCH_FKG_94_cthr_compiled_cell_1,,1.6443999484181404,1,"[""cthr_predicted_valid_rules_plus_compiled_templates""]"
Architecture-NCARB50-v2,ARCH_FKG_94,SCIP over CTHR cells,True,True,0.9199760000000001,0.9199760000000001,best-known cell-valid backend,0.0,ARCH_FKG_94_cthr_compiled_cell_1,,2.925200038589537,1,"[""cthr_predicted_valid_rules_plus_compiled_templates""]"
Architecture-NCARB50-v2,ARCH_FKG_95,CTHR default solver,True,True,-0.0875000433915818,-0.0875000433915818,best-known cell-valid backend,0.0,ARCH_FKG_95_cthr_compiled_cell_1,,1565.7712999964133,1,"[""cthr_predicted_valid_rules_plus_compiled_templates""]"
Architecture-NCARB50-v2,ARCH_FKG_95,ASP/clingo over CTHR cells,True,True,-0.08749994938274552,-0.0875000433915818,best-known cell-valid backend,1.0743861551701235e-06,ARCH_FKG_95_cthr_compiled_cell_1,,1299.4118999922648,1,"[""cthr_predicted_valid_rules_plus_compiled_templates""]"
Architecture-NCARB50-v2,ARCH_FKG_95,SLSQP over CTHR cells,True,True,-0.08749994430355157,-0.0875000433915818,best-known cell-valid backend,1.132434056627013e-06,ARCH_FKG_95_cthr_compiled_cell_1,,108.63610007800162,1,"[""cthr_predicted_valid_rules_plus_compiled_templates""]"
Architecture-NCARB50-v2,ARCH_FKG_95,CP-SAT + OR-Tools over CTHR cells,True,True,-0.08749999999999991,-0.0875000433915818,best-known cell-valid backend,4.959035413624445e-07,ARCH_FKG_95_cthr_compiled_cell_1,,2.149999956600368,1,"[""cthr_predicted_valid_rules_plus_compiled_templates""]"
Architecture-NCARB50-v2,ARCH_FKG_95,SCIP over CTHR cells,True,True,-0.08750000024374982,-0.0875000433915818,best-known cell-valid backend,4.931178295283471e-07,ARCH_FKG_95_cthr_compiled_cell_1,,3.6268000258132815,1,"[""cthr_predicted_valid_rules_plus_compiled_templates""]"
Architecture-NCARB50-v2,ARCH_FKG_96,CTHR default solver,True,True,8.029999999999873,8.029995799999998,best-known cell-valid backend,5.230388631679734e-07,ARCH_FKG_96_cthr_compiled_cell_1,,454.1052000131458,1,"[""cthr_predicted_valid_rules_plus_compiled_templates""]"
Architecture-NCARB50-v2,ARCH_FKG_96,ASP/clingo over CTHR cells,True,True,8.030000000000017,8.029995799999998,best-known cell-valid backend,5.230388810864017e-07,ARCH_FKG_96_cthr_compiled_cell_1,,279.0800000075251,1,"[""cthr_predicted_valid_rules_plus_compiled_templates""]"
Architecture-NCARB50-v2,ARCH_FKG_96,SLSQP over CTHR cells,True,True,8.030000000000012,8.029995799999998,best-known cell-valid backend,5.230388804227562e-07,ARCH_FKG_96_cthr_compiled_cell_1,,19.03269998729229,1,"[""cthr_predicted_valid_rules_plus_compiled_templates""]"
Architecture-NCARB50-v2,ARCH_FKG_96,CP-SAT + OR-Tools over CTHR cells,True,True,8.03,8.029995799999998,best-known cell-valid backend,5.2303887887425e-07,ARCH_FKG_96_cthr_compiled_cell_1,,2.1349999587982893,1,"[""cthr_predicted_valid_rules_plus_compiled_templates""]"
Architecture-NCARB50-v2,ARCH_FKG_96,SCIP over CTHR cells,True,True,8.029995799999998,8.029995799999998,best-known cell-valid backend,0.0,ARCH_FKG_96_cthr_compiled_cell_1,,2.906200010329485,1,"[""cthr_predicted_valid_rules_plus_compiled_templates""]"
Architecture-NCARB50-v2,ARCH_FKG_97,CTHR default solver,True,True,-5.200000000000001,-5.200002250000001,best-known cell-valid backend,4.3269212031892374e-07,ARCH_FKG_97_cthr_compiled_cell_1,,299.7637999942526,1,"[""cthr_predicted_valid_rules_plus_compiled_templates""]"
Architecture-NCARB50-v2,ARCH_FKG_97,ASP/clingo over CTHR cells,True,True,-5.200000000000001,-5.200002250000001,best-known cell-valid backend,4.3269212031892374e-07,ARCH_FKG_97_cthr_compiled_cell_1,,193.0176999885589,1,"[""cthr_predicted_valid_rules_plus_compiled_templates""]"
Architecture-NCARB50-v2,ARCH_FKG_97,SLSQP over CTHR cells,True,True,-5.199999999999999,-5.200002250000001,best-known cell-valid backend,4.326921206605307e-07,ARCH_FKG_97_cthr_compiled_cell_1,,15.641499892808497,1,"[""cthr_predicted_valid_rules_plus_compiled_templates""]"
Architecture-NCARB50-v2,ARCH_FKG_97,CP-SAT + OR-Tools over CTHR cells,True,True,-5.200000000000001,-5.200002250000001,best-known cell-valid backend,4.3269212031892374e-07,ARCH_FKG_97_cthr_compiled_cell_1,,1.34830002207309,1,"[""cthr_predicted_valid_rules_plus_compiled_templates""]"
Architecture-NCARB50-v2,ARCH_FKG_97,SCIP over CTHR cells,True,True,-5.200002250000001,-5.200002250000001,best-known cell-valid backend,0.0,ARCH_FKG_97_cthr_compiled_cell_1,,3.774500102736056,1,"[""cthr_predicted_valid_rules_plus_compiled_templates""]"
Architecture-NCARB50-v2,ARCH_FKG_98,CTHR default solver,True,True,-4.96,-4.96,best-known cell-valid backend,0.0,ARCH_FKG_98_cthr_compiled_cell_1,,417.56279999390244,1,"[""cthr_predicted_valid_rules_plus_compiled_templates""]"
Architecture-NCARB50-v2,ARCH_FKG_98,ASP/clingo over CTHR cells,True,True,-4.96,-4.96,best-known cell-valid backend,0.0,ARCH_FKG_98_cthr_compiled_cell_1,,263.5127999819815,1,"[""cthr_predicted_valid_rules_plus_compiled_templates""]"
Architecture-NCARB50-v2,ARCH_FKG_98,SLSQP over CTHR cells,True,True,-4.96,-4.96,best-known cell-valid backend,0.0,ARCH_FKG_98_cthr_compiled_cell_1,,34.68170005362481,1,"[""cthr_predicted_valid_rules_plus_compiled_templates""]"
Architecture-NCARB50-v2,ARCH_FKG_98,CP-SAT + OR-Tools over CTHR cells,True,True,-4.96,-4.96,best-known cell-valid backend,0.0,ARCH_FKG_98_cthr_compiled_cell_1,,1.6316999681293964,1,"[""cthr_predicted_valid_rules_plus_compiled_templates""]"
Architecture-NCARB50-v2,ARCH_FKG_98,SCIP over CTHR cells,True,True,-4.96,-4.96,best-known cell-valid backend,0.0,ARCH_FKG_98_cthr_compiled_cell_1,,4.025599919259548,1,"[""cthr_predicted_valid_rules_plus_compiled_templates""]"
Architecture-NCARB50-v2,ARCH_FKG_99,CTHR default solver,True,True,1.0399999999999983,1.0399947999999983,best-known cell-valid backend,5.000024995247542e-06,ARCH_FKG_99_cthr_compiled_cell_1,,311.9458999717608,1,"[""cthr_predicted_valid_rules_plus_compiled_templates""]"
Architecture-NCARB50-v2,ARCH_FKG_99,ASP/clingo over CTHR cells,True,True,1.0399999999999983,1.0399947999999983,best-known cell-valid backend,5.000024995247542e-06,ARCH_FKG_99_cthr_compiled_cell_1,,188.90020006801933,1,"[""cthr_predicted_valid_rules_plus_compiled_templates""]"
Architecture-NCARB50-v2,ARCH_FKG_99,SLSQP over CTHR cells,True,True,1.0399999999999983,1.0399947999999983,best-known cell-valid backend,5.000024995247542e-06,ARCH_FKG_99_cthr_compiled_cell_1,,12.13140005711466,1,"[""cthr_predicted_valid_rules_plus_compiled_templates""]"
Architecture-NCARB50-v2,ARCH_FKG_99,CP-SAT + OR-Tools over CTHR cells,True,True,1.04,1.0399947999999983,best-known cell-valid backend,5.000024996955585e-06,ARCH_FKG_99_cthr_compiled_cell_1,,1.4375000027939677,1,"[""cthr_predicted_valid_rules_plus_compiled_templates""]"
Architecture-NCARB50-v2,ARCH_FKG_99,SCIP over CTHR cells,True,True,1.0399947999999983,1.0399947999999983,best-known cell-valid backend,0.0,ARCH_FKG_99_cthr_compiled_cell_1,,2.789100049994886,1,"[""cthr_predicted_valid_rules_plus_compiled_templates""]"
