Dataset,task_id,target_interaction,Method,Method type,grounding_policy,grounded_candidate_count,cthr_predicted_valid_count,predicted_rule_ids,reference_rule_ids,rule_precision,rule_recall,formal_feasible,semantic_valid,false_accept,invalid_case,unsupported_reason,runtime_ms
Aviation,AVI_SMIX_001,semantic_rule_recovery; numeric_constraint_compilation; multi_objective_feasible_region_solving; source_provenance_tracking,CTHR-style ASP + clingo,cthr_semantic_modeling,fixed_predicted_valid_rule_ids,24,2,"[""descent_fix_distance_max"", ""navigation_angle_convention""]","[""descent_fix_distance_max"", ""navigation_angle_convention""]",1.0,1.0,false,false,false,true,,0.693
Aviation,AVI_SMIX_002,semantic_rule_recovery; numeric_constraint_compilation; multi_objective_feasible_region_solving; source_provenance_tracking,CTHR-style ASP + clingo,cthr_semantic_modeling,fixed_predicted_valid_rule_ids,21,2,"[""descent_fix_tolerance"", ""navigation_angle_convention""]","[""calc_ds_vor_dme_km"", ""descent_fix_tolerance""]",0.5,0.5,false,false,false,true,,0.245
Aviation,AVI_SMIX_003,semantic_rule_recovery; numeric_constraint_compilation; multi_objective_feasible_region_solving; source_provenance_tracking,CTHR-style ASP + clingo,cthr_semantic_modeling,fixed_predicted_valid_rule_ids,23,2,"[""buffer_zone_width_sector_boundary"", ""calc_ds_vor_dme_nm_kft""]","[""buffer_zone_width_sector_boundary"", ""calc_ds_vor_dme_nm_kft""]",1.0,1.0,false,false,false,true,,0.516
Aviation,AVI_SMIX_004,semantic_rule_recovery; numeric_constraint_compilation; multi_objective_feasible_region_solving; source_provenance_tracking,CTHR-style ASP + clingo,cthr_semantic_modeling,fixed_predicted_valid_rule_ids,24,2,"[""holding_speed_helicopter_6000ft_or_below"", ""intermediate_segment_length_table""]","[""holding_speed_helicopter_6000ft_or_below"", ""intermediate_segment_length_table""]",1.0,1.0,false,false,false,true,,0.505
Aviation,AVI_SMIX_005,semantic_rule_recovery; numeric_constraint_compilation; multi_objective_feasible_region_solving; source_provenance_tracking,CTHR-style ASP + clingo,cthr_semantic_modeling,fixed_predicted_valid_rule_ids,24,2,"[""RA-6.3.4-align-final-approach-track"", ""moc_intermediate_approach_min""]","[""RA-6.3.4-align-final-approach-track"", ""moc_intermediate_approach_min""]",1.0,1.0,false,false,false,true,,0.542
Aviation,AVI_SMIX_006,semantic_rule_recovery; numeric_constraint_compilation; multi_objective_feasible_region_solving; source_provenance_tracking,CTHR-style ASP + clingo,cthr_semantic_modeling,fixed_predicted_valid_rule_ids,24,2,"[""descent_fix_distance_max"", ""navigation_angle_convention""]","[""descent_fix_distance_max"", ""turn_radius_km_formula""]",0.5,0.5,false,false,false,true,,0.484
Aviation,AVI_SMIX_007,semantic_rule_recovery; numeric_constraint_compilation; multi_objective_feasible_region_solving; source_provenance_tracking,CTHR-style ASP + clingo,cthr_semantic_modeling,fixed_predicted_valid_rule_ids,22,2,"[""descent_fix_tolerance"", ""navigation_angle_convention""]","[""descent_fix_tolerance"", ""turn_radius_nm_formula""]",0.5,0.5,false,false,false,true,,0.249
Aviation,AVI_SMIX_008,semantic_rule_recovery; numeric_constraint_compilation; multi_objective_feasible_region_solving; source_provenance_tracking,CTHR-style ASP + clingo,cthr_semantic_modeling,fixed_predicted_valid_rule_ids,23,2,"[""buffer_zone_width_sector_boundary"", ""calc_ds_vor_dme_nm_kft""]","[""I4_4_intermediate_segment_length_formula"", ""buffer_zone_width_sector_boundary""]",0.5,0.5,false,false,false,true,,0.495
Aviation,AVI_SMIX_009,semantic_rule_recovery; numeric_constraint_compilation; multi_objective_feasible_region_solving; source_provenance_tracking,CTHR-style ASP + clingo,cthr_semantic_modeling,fixed_predicted_valid_rule_ids,20,1,"[""dme_arc_radius_range_sector_partition""]","[""dme_arc_radius_range_sector_partition"", ""procedure_altitude_increment_intermediate_7.4.3.9""]",1.0,0.5,false,false,false,true,,0.403
Aviation,AVI_SMIX_010,semantic_rule_recovery; numeric_constraint_compilation; multi_objective_feasible_region_solving; source_provenance_tracking,CTHR-style ASP + clingo,cthr_semantic_modeling,fixed_predicted_valid_rule_ids,15,2,"[""descent_gradient_rounding"", ""rule_distance_rounding_rule""]","[""descent_gradient_rounding"", ""rule_distance_rounding_rule""]",1.0,1.0,false,false,false,true,,0.498
Aviation,AVI_SMIX_011,semantic_rule_recovery; numeric_constraint_compilation; multi_objective_feasible_region_solving; source_provenance_tracking,CTHR-style ASP + clingo,cthr_semantic_modeling,fixed_predicted_valid_rule_ids,29,2,"[""pbn_intermediate_segment_stability_requirement"", ""ttaa_buffer_zone_radius""]","[""pbn_intermediate_segment_stability_requirement"", ""ttaa_buffer_zone_radius""]",1.0,1.0,false,false,false,true,,0.512
Aviation,AVI_SMIX_012,semantic_rule_recovery; numeric_constraint_compilation; multi_objective_feasible_region_solving; source_provenance_tracking,CTHR-style ASP + clingo,cthr_semantic_modeling,fixed_predicted_valid_rule_ids,21,2,"[""descent_fix_tolerance"", ""navigation_angle_convention""]","[""descent_fix_tolerance"", ""navigation_angle_convention""]",1.0,1.0,false,false,false,true,,0.231
Aviation,AVI_SMIX_013,semantic_rule_recovery; numeric_constraint_compilation; multi_objective_feasible_region_solving; source_provenance_tracking,CTHR-style ASP + clingo,cthr_semantic_modeling,fixed_predicted_valid_rule_ids,23,2,"[""buffer_zone_width_sector_boundary"", ""calc_ds_vor_dme_nm_kft""]","[""buffer_zone_width_sector_boundary"", ""calc_ds_vor_dme_km""]",0.5,0.5,false,false,false,true,,0.5
Aviation,AVI_SMIX_014,semantic_rule_recovery; numeric_constraint_compilation; multi_objective_feasible_region_solving; source_provenance_tracking,CTHR-style ASP + clingo,cthr_semantic_modeling,fixed_predicted_valid_rule_ids,12,2,"[""descent_gradient_rounding"", ""rule_distance_rounding_rule""]","[""descent_gradient_rounding"", ""rule_distance_rounding_rule""]",1.0,1.0,false,false,false,true,,0.337
Aviation,AVI_SMIX_015,semantic_rule_recovery; numeric_constraint_compilation; multi_objective_feasible_region_solving; source_provenance_tracking,CTHR-style ASP + clingo,cthr_semantic_modeling,fixed_predicted_valid_rule_ids,22,2,"[""ha_conversion_formula"", ""vor_fix_tolerance_cone_half_angle""]","[""ha_conversion_formula"", ""vor_fix_tolerance_cone_half_angle""]",1.0,1.0,false,false,false,true,,0.243
Aviation,AVI_SMIX_016,semantic_rule_recovery; numeric_constraint_compilation; multi_objective_feasible_region_solving; source_provenance_tracking,CTHR-style ASP + clingo,cthr_semantic_modeling,fixed_predicted_valid_rule_ids,25,2,"[""holding_speed_helicopter_6000ft_or_below"", ""intermediate_segment_length_table""]","[""holding_speed_helicopter_6000ft_or_below"", ""intermediate_segment_length_table""]",1.0,1.0,false,false,false,true,,0.492
Aviation,AVI_SMIX_017,semantic_rule_recovery; numeric_constraint_compilation; multi_objective_feasible_region_solving; source_provenance_tracking,CTHR-style ASP + clingo,cthr_semantic_modeling,fixed_predicted_valid_rule_ids,21,2,"[""descent_fix_tolerance"", ""navigation_angle_convention""]","[""descent_fix_tolerance"", ""turn_radius_km_formula""]",0.5,0.5,false,false,false,true,,0.219
Aviation,AVI_SMIX_018,semantic_rule_recovery; numeric_constraint_compilation; multi_objective_feasible_region_solving; source_provenance_tracking,CTHR-style ASP + clingo,cthr_semantic_modeling,fixed_predicted_valid_rule_ids,26,2,"[""dta_formula"", ""pbn_intermediate_segment_optimum_length_helicopter""]","[""dta_formula"", ""pbn_intermediate_segment_optimum_length_helicopter""]",1.0,1.0,false,false,false,true,,0.25
Aviation,AVI_SMIX_019,semantic_rule_recovery; numeric_constraint_compilation; multi_objective_feasible_region_solving; source_provenance_tracking,CTHR-style ASP + clingo,cthr_semantic_modeling,fixed_predicted_valid_rule_ids,25,2,"[""pbn_intermediate_segment_max_length_gbas"", ""rule_non_si_glide_path_formula""]","[""pbn_intermediate_segment_max_length_gbas"", ""rule_non_si_glide_path_formula""]",1.0,1.0,false,false,false,true,,0.357
Aviation,AVI_SMIX_020,semantic_rule_recovery; numeric_constraint_compilation; multi_objective_feasible_region_solving; source_provenance_tracking,CTHR-style ASP + clingo,cthr_semantic_modeling,fixed_predicted_valid_rule_ids,25,2,"[""rule_non_si_glide_path_formula"", ""sbas_fas_db_publication_requirements_5.8.7""]","[""ils_crm_input_requirements_mls"", ""sbas_fas_db_publication_requirements_5.8.7""]",0.5,0.5,false,false,false,true,,0.645
Aviation,AVI_SMIX_021,semantic_rule_recovery; numeric_constraint_compilation; multi_objective_feasible_region_solving; source_provenance_tracking,CTHR-style ASP + clingo,cthr_semantic_modeling,fixed_predicted_valid_rule_ids,24,2,"[""descent_fix_distance_max"", ""navigation_angle_convention""]","[""C3_2_3_4_template_contour_construction"", ""descent_fix_distance_max""]",0.5,0.5,false,false,false,true,,0.512
Aviation,AVI_SMIX_022,semantic_rule_recovery; numeric_constraint_compilation; multi_objective_feasible_region_solving; source_provenance_tracking,CTHR-style ASP + clingo,cthr_semantic_modeling,fixed_predicted_valid_rule_ids,27,2,"[""pbn_intermediate_segment_optimum_length"", ""sia_transition_requirement""]","[""pbn_intermediate_segment_optimum_length"", ""sia_transition_requirement""]",1.0,1.0,false,false,false,true,,0.359
Aviation,AVI_SMIX_023,semantic_rule_recovery; numeric_constraint_compilation; multi_objective_feasible_region_solving; source_provenance_tracking,CTHR-style ASP + clingo,cthr_semantic_modeling,fixed_predicted_valid_rule_ids,26,2,"[""msd_flyby_non_si_25deg"", ""rf_segment_max_bank_angle_25deg""]","[""rf_segment_max_bank_angle_25deg"", ""sia_cda_consideration""]",0.5,0.5,false,false,false,true,,0.553
Aviation,AVI_SMIX_024,semantic_rule_recovery; numeric_constraint_compilation; multi_objective_feasible_region_solving; source_provenance_tracking,CTHR-style ASP + clingo,cthr_semantic_modeling,fixed_predicted_valid_rule_ids,16,2,"[""paoas_protection_scope"", ""ttaa_obstacle_clearance_mountain_increase""]","[""paoas_protection_scope"", ""ttaa_obstacle_clearance_mountain_increase""]",1.0,1.0,false,false,false,true,,0.384
Aviation,AVI_SMIX_025,semantic_rule_recovery; numeric_constraint_compilation; multi_objective_feasible_region_solving; source_provenance_tracking,CTHR-style ASP + clingo,cthr_semantic_modeling,fixed_predicted_valid_rule_ids,21,2,"[""missed_approach_transition_surface_i_class"", ""moc_intermediate_approach_segment_7.4.3.8""]","[""missed_approach_transition_surface_i_class"", ""moc_intermediate_approach_segment_7.4.3.8""]",1.0,1.0,false,false,false,true,,0.455
Aviation,AVI_SMIX_026,semantic_rule_recovery; numeric_constraint_compilation; multi_objective_feasible_region_solving; source_provenance_tracking,CTHR-style ASP + clingo,cthr_semantic_modeling,fixed_predicted_valid_rule_ids,17,2,"[""moc_intermediate_approach_min"", ""moc_secondary_area_linear_decay""]","[""moc_intermediate_approach_min"", ""moc_secondary_area_linear_decay""]",1.0,1.0,false,false,false,true,,0.421
Aviation,AVI_SMIX_027,semantic_rule_recovery; numeric_constraint_compilation; multi_objective_feasible_region_solving; source_provenance_tracking,CTHR-style ASP + clingo,cthr_semantic_modeling,fixed_predicted_valid_rule_ids,16,2,"[""moc_secondary_area_linear_decay"", ""ttaa_obstacle_clearance_mountain_increase""]","[""rule_moca_mea_publication_requirement"", ""ttaa_obstacle_clearance_mountain_increase""]",0.5,0.5,false,false,false,true,,0.45
Aviation,AVI_SMIX_028,semantic_rule_recovery; numeric_constraint_compilation; multi_objective_feasible_region_solving; source_provenance_tracking,CTHR-style ASP + clingo,cthr_semantic_modeling,fixed_predicted_valid_rule_ids,24,2,"[""buffer_zone_width_sector_boundary"", ""calc_ds_vor_dme_nm_kft""]","[""buffer_zone_width_sector_boundary"", ""turn_radius_km_formula""]",0.5,0.5,false,false,false,true,,0.531
Aviation,AVI_SMIX_029,semantic_rule_recovery; numeric_constraint_compilation; multi_objective_feasible_region_solving; source_provenance_tracking,CTHR-style ASP + clingo,cthr_semantic_modeling,fixed_predicted_valid_rule_ids,20,1,"[""dme_arc_radius_range_sector_partition""]","[""dme_arc_radius_range_sector_partition"", ""turn_radius_nm_formula""]",1.0,0.5,false,false,false,true,,0.371
Aviation,AVI_SMIX_030,semantic_rule_recovery; numeric_constraint_compilation; multi_objective_feasible_region_solving; source_provenance_tracking,CTHR-style ASP + clingo,cthr_semantic_modeling,fixed_predicted_valid_rule_ids,22,2,"[""ha_conversion_formula"", ""vor_fix_tolerance_cone_half_angle""]","[""I4_4_intermediate_segment_length_formula"", ""vor_fix_tolerance_cone_half_angle""]",0.5,0.5,false,false,false,true,,0.24
Aviation,AVI_SMIX_031,semantic_rule_recovery; numeric_constraint_compilation; multi_objective_feasible_region_solving; source_provenance_tracking,CTHR-style ASP + clingo,cthr_semantic_modeling,fixed_predicted_valid_rule_ids,20,2,"[""missed_approach_transition_surface_i_class"", ""paoas_protection_scope""]","[""missed_approach_transition_surface_i_class"", ""rule_moca_mea_publication_requirement""]",0.5,0.5,false,false,false,true,,0.375
Aviation,AVI_SMIX_032,semantic_rule_recovery; numeric_constraint_compilation; multi_objective_feasible_region_solving; source_provenance_tracking,CTHR-style ASP + clingo,cthr_semantic_modeling,fixed_predicted_valid_rule_ids,25,2,"[""rule_non_si_glide_path_formula"", ""sbas_fas_db_publication_requirements_5.8.7""]","[""ils_crm_input_requirements_mls"", ""sbas_fas_db_publication_requirements_5.8.7""]",0.5,0.5,false,false,false,true,,0.655
Aviation,AVI_SMIX_033,semantic_rule_recovery; numeric_constraint_compilation; multi_objective_feasible_region_solving; source_provenance_tracking,CTHR-style ASP + clingo,cthr_semantic_modeling,fixed_predicted_valid_rule_ids,26,2,"[""msd_flyby_non_si_25deg"", ""rf_segment_max_bank_angle_25deg""]","[""msd_flyby_non_si_25deg"", ""rf_segment_max_bank_angle_25deg""]",1.0,1.0,false,false,false,true,,0.545
Aviation,AVI_SMIX_034,semantic_rule_recovery; numeric_constraint_compilation; multi_objective_feasible_region_solving; source_provenance_tracking,CTHR-style ASP + clingo,cthr_semantic_modeling,fixed_predicted_valid_rule_ids,25,2,"[""holding_speed_helicopter_6000ft_or_below"", ""intermediate_segment_length_table""]","[""holding_speed_helicopter_6000ft_or_below"", ""intermediate_segment_length_table""]",1.0,1.0,false,false,false,true,,0.49
Aviation,AVI_SMIX_035,semantic_rule_recovery; numeric_constraint_compilation; multi_objective_feasible_region_solving; source_provenance_tracking,CTHR-style ASP + clingo,cthr_semantic_modeling,fixed_predicted_valid_rule_ids,26,2,"[""msd_flyby_non_si_25deg"", ""rf_segment_bank_angle_15deg_above_fl190""]","[""rf_segment_bank_angle_15deg_above_fl190"", ""sia_start_point_requirement""]",0.5,0.5,false,false,false,true,,0.551
Aviation,AVI_SMIX_036,semantic_rule_recovery; numeric_constraint_compilation; multi_objective_feasible_region_solving; source_provenance_tracking,CTHR-style ASP + clingo,cthr_semantic_modeling,fixed_predicted_valid_rule_ids,24,2,"[""descent_fix_distance_max"", ""navigation_angle_convention""]","[""calc_ds_vor_dme_nm_kft"", ""descent_fix_distance_max""]",0.5,0.5,false,false,false,true,,0.491
Aviation,AVI_SMIX_037,semantic_rule_recovery; numeric_constraint_compilation; multi_objective_feasible_region_solving; source_provenance_tracking,CTHR-style ASP + clingo,cthr_semantic_modeling,fixed_predicted_valid_rule_ids,26,2,"[""pbn_intermediate_segment_optimum_length"", ""sia_start_point_requirement""]","[""pbn_intermediate_segment_optimum_length"", ""sia_cda_consideration""]",0.5,0.5,false,false,false,true,,0.383
Aviation,AVI_SMIX_038,semantic_rule_recovery; numeric_constraint_compilation; multi_objective_feasible_region_solving; source_provenance_tracking,CTHR-style ASP + clingo,cthr_semantic_modeling,fixed_predicted_valid_rule_ids,26,2,"[""msd_flyby_non_si_25deg"", ""rf_segment_max_bank_angle_25deg""]","[""rf_segment_max_bank_angle_25deg"", ""sia_multi_airport_service_capability""]",0.5,0.5,false,false,false,true,,0.536
Aviation,AVI_SMIX_039,semantic_rule_recovery; numeric_constraint_compilation; multi_objective_feasible_region_solving; source_provenance_tracking,CTHR-style ASP + clingo,cthr_semantic_modeling,fixed_predicted_valid_rule_ids,15,2,"[""rule_height_rounding_rule"", ""wd_calculation_formula""]","[""rule_height_rounding_rule"", ""wd_calculation_formula""]",1.0,1.0,false,false,false,true,,0.348
Aviation,AVI_SMIX_040,semantic_rule_recovery; numeric_constraint_compilation; multi_objective_feasible_region_solving; source_provenance_tracking,CTHR-style ASP + clingo,cthr_semantic_modeling,fixed_predicted_valid_rule_ids,14,2,"[""descent_gradient_rounding"", ""rule_distance_rounding_rule""]","[""rule_distance_rounding_rule"", ""wd_rounding_requirement""]",0.5,0.5,false,false,false,true,,0.456
Aviation,AVI_SMIX_041,semantic_rule_recovery; numeric_constraint_compilation; multi_objective_feasible_region_solving; source_provenance_tracking,CTHR-style ASP + clingo,cthr_semantic_modeling,fixed_predicted_valid_rule_ids,16,2,"[""moc_intermediate_approach_min"", ""moc_secondary_area_linear_decay""]","[""moc_intermediate_approach_min"", ""moc_intermediate_approach_segment_7.4.3.8""]",0.5,0.5,false,false,false,true,,0.389
Aviation,AVI_SMIX_042,semantic_rule_recovery; numeric_constraint_compilation; multi_objective_feasible_region_solving; source_provenance_tracking,CTHR-style ASP + clingo,cthr_semantic_modeling,fixed_predicted_valid_rule_ids,25,2,"[""ils_glidepath_angle_range"", ""rule_non_si_glide_path_formula""]","[""ils_crm_input_requirements_mls"", ""ils_glidepath_angle_range""]",0.5,0.5,false,false,false,true,,0.412
Aviation,AVI_SMIX_043,semantic_rule_recovery; numeric_constraint_compilation; multi_objective_feasible_region_solving; source_provenance_tracking,CTHR-style ASP + clingo,cthr_semantic_modeling,fixed_predicted_valid_rule_ids,25,2,"[""pbn_intermediate_segment_max_length_gbas"", ""rule_non_si_glide_path_formula""]","[""pbn_intermediate_segment_max_length_gbas"", ""rule_non_si_glide_path_formula""]",1.0,1.0,false,false,false,true,,0.327
Aviation,AVI_SMIX_044,semantic_rule_recovery; numeric_constraint_compilation; multi_objective_feasible_region_solving; source_provenance_tracking,CTHR-style ASP + clingo,cthr_semantic_modeling,fixed_predicted_valid_rule_ids,28,2,"[""buffer_zone_width_sector_boundary"", ""sia_transition_requirement""]","[""buffer_zone_width_sector_boundary"", ""sia_cda_consideration""]",0.5,0.5,false,false,false,true,,0.475
Aviation,AVI_SMIX_045,semantic_rule_recovery; numeric_constraint_compilation; multi_objective_feasible_region_solving; source_provenance_tracking,CTHR-style ASP + clingo,cthr_semantic_modeling,fixed_predicted_valid_rule_ids,27,2,"[""rf_segment_bank_angle_15deg_above_fl190"", ""sia_start_point_requirement""]","[""rf_segment_bank_angle_15deg_above_fl190"", ""sia_multi_airport_service_capability""]",0.5,0.5,false,false,false,true,,0.518
Aviation,AVI_SMIX_046,semantic_rule_recovery; numeric_constraint_compilation; multi_objective_feasible_region_solving; source_provenance_tracking,CTHR-style ASP + clingo,cthr_semantic_modeling,fixed_predicted_valid_rule_ids,29,2,"[""pbn_intermediate_segment_stability_requirement"", ""ttaa_buffer_zone_radius""]","[""pbn_intermediate_segment_stability_requirement"", ""ttaa_buffer_zone_radius""]",1.0,1.0,false,false,false,true,,0.494
Aviation,AVI_SMIX_047,semantic_rule_recovery; numeric_constraint_compilation; multi_objective_feasible_region_solving; source_provenance_tracking,CTHR-style ASP + clingo,cthr_semantic_modeling,fixed_predicted_valid_rule_ids,26,2,"[""pbn_intermediate_segment_optimum_length"", ""sia_start_point_requirement""]","[""msd_flyby_non_si_25deg"", ""pbn_intermediate_segment_optimum_length""]",0.5,0.5,false,false,false,true,,0.485
Aviation,AVI_SMIX_048,semantic_rule_recovery; numeric_constraint_compilation; multi_objective_feasible_region_solving; source_provenance_tracking,CTHR-style ASP + clingo,cthr_semantic_modeling,fixed_predicted_valid_rule_ids,23,2,"[""buffer_zone_width_sector_boundary"", ""calc_ds_vor_dme_nm_kft""]","[""buffer_zone_width_sector_boundary"", ""ha_conversion_formula""]",0.5,0.5,false,false,false,true,,0.506
Aviation,AVI_SMIX_049,semantic_rule_recovery; numeric_constraint_compilation; multi_objective_feasible_region_solving; source_provenance_tracking,CTHR-style ASP + clingo,cthr_semantic_modeling,fixed_predicted_valid_rule_ids,28,2,"[""buffer_zone_width_sector_boundary"", ""sia_start_point_requirement""]","[""buffer_zone_width_sector_boundary"", ""sia_start_point_requirement""]",1.0,1.0,false,false,false,true,,0.373
Aviation,AVI_SMIX_050,semantic_rule_recovery; numeric_constraint_compilation; multi_objective_feasible_region_solving; source_provenance_tracking,CTHR-style ASP + clingo,cthr_semantic_modeling,fixed_predicted_valid_rule_ids,26,2,"[""msd_flyby_non_si_25deg"", ""rf_segment_bank_angle_15deg_above_fl190""]","[""rf_segment_bank_angle_15deg_above_fl190"", ""sia_transition_requirement""]",0.5,0.5,false,false,false,true,,0.52
Aviation,AVI_SMIX_051,semantic_rule_recovery; numeric_constraint_compilation; multi_objective_feasible_region_solving; source_provenance_tracking,CTHR-style ASP + clingo,cthr_semantic_modeling,fixed_predicted_valid_rule_ids,24,2,"[""descent_fix_distance_max"", ""navigation_angle_convention""]","[""descent_fix_distance_max"", ""turn_radius_nm_formula""]",0.5,0.5,false,false,false,true,,0.481
Aviation,AVI_SMIX_052,semantic_rule_recovery; numeric_constraint_compilation; multi_objective_feasible_region_solving; source_provenance_tracking,CTHR-style ASP + clingo,cthr_semantic_modeling,fixed_predicted_valid_rule_ids,21,2,"[""descent_fix_tolerance"", ""navigation_angle_convention""]","[""I4_4_intermediate_segment_length_formula"", ""descent_fix_tolerance""]",0.5,0.5,false,false,false,true,,0.226
Aviation,AVI_SMIX_053,semantic_rule_recovery; numeric_constraint_compilation; multi_objective_feasible_region_solving; source_provenance_tracking,CTHR-style ASP + clingo,cthr_semantic_modeling,fixed_predicted_valid_rule_ids,23,2,"[""buffer_zone_width_sector_boundary"", ""calc_ds_vor_dme_nm_kft""]","[""buffer_zone_width_sector_boundary"", ""procedure_altitude_increment_intermediate_7.4.3.9""]",0.5,0.5,false,false,false,true,,0.476
Aviation,AVI_SMIX_054,semantic_rule_recovery; numeric_constraint_compilation; multi_objective_feasible_region_solving; source_provenance_tracking,CTHR-style ASP + clingo,cthr_semantic_modeling,fixed_predicted_valid_rule_ids,20,1,"[""dme_arc_radius_range_sector_partition""]","[""C3_2_3_4_template_contour_construction"", ""dme_arc_radius_range_sector_partition""]",1.0,0.5,false,false,false,true,,0.366
Aviation,AVI_SMIX_055,semantic_rule_recovery; numeric_constraint_compilation; multi_objective_feasible_region_solving; source_provenance_tracking,CTHR-style ASP + clingo,cthr_semantic_modeling,fixed_predicted_valid_rule_ids,21,2,"[""ha_conversion_formula"", ""vor_fix_tolerance_cone_half_angle""]","[""C3_2_3_arc_radii_definition"", ""vor_fix_tolerance_cone_half_angle""]",0.5,0.5,false,false,false,true,,0.24
Aviation,AVI_SMIX_056,semantic_rule_recovery; numeric_constraint_compilation; multi_objective_feasible_region_solving; source_provenance_tracking,CTHR-style ASP + clingo,cthr_semantic_modeling,fixed_predicted_valid_rule_ids,10,2,"[""chart_required_supplementary_data"", ""sbas_fas_db_publication_requirements_5.8.7""]","[""sbas_fas_db_publication_requirements_5.8.7"", ""wd_rounding_requirement""]",0.5,0.5,false,false,false,true,,0.604
Aviation,AVI_SMIX_057,semantic_rule_recovery; numeric_constraint_compilation; multi_objective_feasible_region_solving; source_provenance_tracking,CTHR-style ASP + clingo,cthr_semantic_modeling,fixed_predicted_valid_rule_ids,11,1,"[""rule_height_rounding_rule""]","[""chart_required_supplementary_data"", ""rule_height_rounding_rule""]",1.0,0.5,false,false,false,true,,0.461
Aviation,AVI_SMIX_058,semantic_rule_recovery; numeric_constraint_compilation; multi_objective_feasible_region_solving; source_provenance_tracking,CTHR-style ASP + clingo,cthr_semantic_modeling,fixed_predicted_valid_rule_ids,23,2,"[""buffer_zone_width_sector_boundary"", ""calc_ds_vor_dme_nm_kft""]","[""buffer_zone_width_sector_boundary"", ""calc_ds_vor_dme_nm_kft""]",1.0,1.0,false,false,false,true,,0.487
Aviation,AVI_SMIX_059,semantic_rule_recovery; numeric_constraint_compilation; multi_objective_feasible_region_solving; source_provenance_tracking,CTHR-style ASP + clingo,cthr_semantic_modeling,fixed_predicted_valid_rule_ids,20,1,"[""dme_arc_radius_range_sector_partition""]","[""dme_arc_radius_range_sector_partition"", ""ha_conversion_formula""]",1.0,0.5,false,false,false,true,,0.372
Aviation,AVI_SMIX_060,semantic_rule_recovery; numeric_constraint_compilation; multi_objective_feasible_region_solving; source_provenance_tracking,CTHR-style ASP + clingo,cthr_semantic_modeling,fixed_predicted_valid_rule_ids,27,2,"[""rf_segment_bank_angle_15deg_above_fl190"", ""sia_start_point_requirement""]","[""pbn_intermediate_segment_stability_requirement"", ""rf_segment_bank_angle_15deg_above_fl190""]",0.5,0.5,false,false,false,true,,0.541
Aviation,AVI_SMIX_061,semantic_rule_recovery; numeric_constraint_compilation; multi_objective_feasible_region_solving; source_provenance_tracking,CTHR-style ASP + clingo,cthr_semantic_modeling,fixed_predicted_valid_rule_ids,25,2,"[""pbn_intermediate_segment_max_length_gbas"", ""rule_non_si_glide_path_formula""]","[""pbn_intermediate_segment_max_length_gbas"", ""rule_non_si_glide_path_formula""]",1.0,1.0,false,false,false,true,,0.346
Aviation,AVI_SMIX_062,semantic_rule_recovery; numeric_constraint_compilation; multi_objective_feasible_region_solving; source_provenance_tracking,CTHR-style ASP + clingo,cthr_semantic_modeling,fixed_predicted_valid_rule_ids,27,2,"[""pbn_intermediate_segment_optimum_length"", ""sia_transition_requirement""]","[""msd_flyover_si_20deg"", ""pbn_intermediate_segment_optimum_length""]",0.5,0.5,false,false,false,true,,0.358
Aviation,AVI_SMIX_063,semantic_rule_recovery; numeric_constraint_compilation; multi_objective_feasible_region_solving; source_provenance_tracking,CTHR-style ASP + clingo,cthr_semantic_modeling,fixed_predicted_valid_rule_ids,13,2,"[""chart_required_supplementary_data"", ""sbas_fas_db_publication_requirements_5.8.7""]","[""sbas_fas_db_publication_requirements_5.8.7"", ""wd_calculation_formula""]",0.5,0.5,false,false,false,true,,0.454
Aviation,AVI_SMIX_064,semantic_rule_recovery; numeric_constraint_compilation; multi_objective_feasible_region_solving; source_provenance_tracking,CTHR-style ASP + clingo,cthr_semantic_modeling,fixed_predicted_valid_rule_ids,20,1,"[""dme_arc_radius_range_sector_partition""]","[""dme_arc_radius_range_sector_partition"", ""procedure_altitude_increment_intermediate_7.4.3.9""]",1.0,0.5,false,false,false,true,,0.372
Aviation,AVI_SMIX_065,semantic_rule_recovery; numeric_constraint_compilation; multi_objective_feasible_region_solving; source_provenance_tracking,CTHR-style ASP + clingo,cthr_semantic_modeling,fixed_predicted_valid_rule_ids,14,2,"[""descent_gradient_rounding"", ""rule_distance_rounding_rule""]","[""chart_required_supplementary_data"", ""rule_distance_rounding_rule""]",0.5,0.5,false,false,false,true,,0.478
Aviation,AVI_SMIX_066,semantic_rule_recovery; numeric_constraint_compilation; multi_objective_feasible_region_solving; source_provenance_tracking,CTHR-style ASP + clingo,cthr_semantic_modeling,fixed_predicted_valid_rule_ids,10,2,"[""descent_gradient_rounding"", ""rule_distance_rounding_rule""]","[""descent_gradient_rounding"", ""rule_distance_rounding_rule""]",1.0,1.0,false,false,false,true,,0.217
Aviation,AVI_SMIX_067,semantic_rule_recovery; numeric_constraint_compilation; multi_objective_feasible_region_solving; source_provenance_tracking,CTHR-style ASP + clingo,cthr_semantic_modeling,fixed_predicted_valid_rule_ids,11,1,"[""rule_height_rounding_rule""]","[""rule_height_rounding_rule"", ""wd_calculation_formula""]",1.0,0.5,false,false,false,true,,0.319
Aviation,AVI_SMIX_068,semantic_rule_recovery; numeric_constraint_compilation; multi_objective_feasible_region_solving; source_provenance_tracking,CTHR-style ASP + clingo,cthr_semantic_modeling,fixed_predicted_valid_rule_ids,26,2,"[""msd_flyby_non_si_25deg"", ""rf_segment_max_bank_angle_25deg""]","[""msd_flyby_non_si_25deg"", ""rf_segment_max_bank_angle_25deg""]",1.0,1.0,false,false,false,true,,0.562
Aviation,AVI_SMIX_069,semantic_rule_recovery; numeric_constraint_compilation; multi_objective_feasible_region_solving; source_provenance_tracking,CTHR-style ASP + clingo,cthr_semantic_modeling,fixed_predicted_valid_rule_ids,25,2,"[""ils_glidepath_angle_range"", ""rule_non_si_glide_path_formula""]","[""ils_glidepath_angle_range"", ""rule_non_si_glide_path_formula""]",1.0,1.0,false,false,false,true,,0.393
Aviation,AVI_SMIX_070,semantic_rule_recovery; numeric_constraint_compilation; multi_objective_feasible_region_solving; source_provenance_tracking,CTHR-style ASP + clingo,cthr_semantic_modeling,fixed_predicted_valid_rule_ids,26,2,"[""msd_flyby_non_si_25deg"", ""rf_segment_bank_angle_15deg_above_fl190""]","[""rf_segment_bank_angle_15deg_above_fl190"", ""sia_start_point_requirement""]",0.5,0.5,false,false,false,true,,0.415
Aviation,AVI_SMIX_071,semantic_rule_recovery; numeric_constraint_compilation; multi_objective_feasible_region_solving; source_provenance_tracking,CTHR-style ASP + clingo,cthr_semantic_modeling,fixed_predicted_valid_rule_ids,13,2,"[""rule_height_rounding_rule"", ""wd_calculation_formula""]","[""rule_height_rounding_rule"", ""wd_calculation_formula""]",1.0,1.0,false,false,false,true,,0.232
Aviation,AVI_SMIX_072,semantic_rule_recovery; numeric_constraint_compilation; multi_objective_feasible_region_solving; source_provenance_tracking,CTHR-style ASP + clingo,cthr_semantic_modeling,fixed_predicted_valid_rule_ids,26,2,"[""dta_formula"", ""pbn_intermediate_segment_optimum_length_helicopter""]","[""dta_formula"", ""pbn_intermediate_segment_optimum_length_helicopter""]",1.0,1.0,false,false,false,true,,0.257
Aviation,AVI_SMIX_073,semantic_rule_recovery; numeric_constraint_compilation; multi_objective_feasible_region_solving; source_provenance_tracking,CTHR-style ASP + clingo,cthr_semantic_modeling,fixed_predicted_valid_rule_ids,9,2,"[""chart_required_supplementary_data"", ""sbas_fas_db_publication_requirements_5.8.7""]","[""chart_required_supplementary_data"", ""sbas_fas_db_publication_requirements_5.8.7""]",1.0,1.0,false,false,false,true,,0.488
Aviation,AVI_SMIX_074,semantic_rule_recovery; numeric_constraint_compilation; multi_objective_feasible_region_solving; source_provenance_tracking,CTHR-style ASP + clingo,cthr_semantic_modeling,fixed_predicted_valid_rule_ids,24,2,"[""RA-6.3.4-align-final-approach-track"", ""moc_intermediate_approach_min""]","[""RA-6.3.4-align-final-approach-track"", ""moc_intermediate_approach_min""]",1.0,1.0,false,false,false,true,,0.533
Aviation,AVI_SMIX_075,semantic_rule_recovery; numeric_constraint_compilation; multi_objective_feasible_region_solving; source_provenance_tracking,CTHR-style ASP + clingo,cthr_semantic_modeling,fixed_predicted_valid_rule_ids,25,2,"[""ils_glidepath_angle_range"", ""rule_non_si_glide_path_formula""]","[""ils_glidepath_angle_range"", ""rule_non_si_glide_path_formula""]",1.0,1.0,false,false,false,true,,0.393
Aviation,AVI_SMIX_076,semantic_rule_recovery; numeric_constraint_compilation; multi_objective_feasible_region_solving; source_provenance_tracking,CTHR-style ASP + clingo,cthr_semantic_modeling,fixed_predicted_valid_rule_ids,25,2,"[""pbn_intermediate_segment_max_length_gbas"", ""rule_non_si_glide_path_formula""]","[""ils_crm_input_requirements_mls"", ""pbn_intermediate_segment_max_length_gbas""]",0.5,0.5,false,false,false,true,,0.347
Aviation,AVI_SMIX_077,semantic_rule_recovery; numeric_constraint_compilation; multi_objective_feasible_region_solving; source_provenance_tracking,CTHR-style ASP + clingo,cthr_semantic_modeling,fixed_predicted_valid_rule_ids,25,2,"[""rule_non_si_glide_path_formula"", ""sbas_fas_db_publication_requirements_5.8.7""]","[""rule_non_si_glide_path_formula"", ""sbas_fas_db_publication_requirements_5.8.7""]",1.0,1.0,false,false,false,true,,0.796
Aviation,AVI_SMIX_078,semantic_rule_recovery; numeric_constraint_compilation; multi_objective_feasible_region_solving; source_provenance_tracking,CTHR-style ASP + clingo,cthr_semantic_modeling,fixed_predicted_valid_rule_ids,26,2,"[""msd_flyby_non_si_25deg"", ""rf_segment_max_bank_angle_25deg""]","[""rf_segment_max_bank_angle_25deg"", ""sia_transition_requirement""]",0.5,0.5,false,false,false,true,,0.718
Aviation,AVI_SMIX_079,semantic_rule_recovery; numeric_constraint_compilation; multi_objective_feasible_region_solving; source_provenance_tracking,CTHR-style ASP + clingo,cthr_semantic_modeling,fixed_predicted_valid_rule_ids,28,2,"[""buffer_zone_width_sector_boundary"", ""sia_start_point_requirement""]","[""buffer_zone_width_sector_boundary"", ""sia_cda_consideration""]",0.5,0.5,false,false,false,true,,0.559
Aviation,AVI_SMIX_080,semantic_rule_recovery; numeric_constraint_compilation; multi_objective_feasible_region_solving; source_provenance_tracking,CTHR-style ASP + clingo,cthr_semantic_modeling,fixed_predicted_valid_rule_ids,16,2,"[""moc_intermediate_approach_min"", ""paoas_protection_scope""]","[""moc_intermediate_approach_min"", ""paoas_protection_scope""]",1.0,1.0,false,false,false,true,,0.427
Aviation,AVI_SMIX_081,semantic_rule_recovery; numeric_constraint_compilation; multi_objective_feasible_region_solving; source_provenance_tracking,CTHR-style ASP + clingo,cthr_semantic_modeling,fixed_predicted_valid_rule_ids,16,2,"[""moc_secondary_area_linear_decay"", ""ttaa_obstacle_clearance_mountain_increase""]","[""moc_intermediate_approach_segment_7.4.3.8"", ""ttaa_obstacle_clearance_mountain_increase""]",0.5,0.5,false,false,false,true,,0.381
Aviation,AVI_SMIX_082,semantic_rule_recovery; numeric_constraint_compilation; multi_objective_feasible_region_solving; source_provenance_tracking,CTHR-style ASP + clingo,cthr_semantic_modeling,fixed_predicted_valid_rule_ids,21,2,"[""missed_approach_transition_surface_i_class"", ""paoas_protection_scope""]","[""missed_approach_transition_surface_i_class"", ""moc_secondary_area_linear_decay""]",0.5,0.5,false,false,false,true,,0.547
Aviation,AVI_SMIX_083,semantic_rule_recovery; numeric_constraint_compilation; multi_objective_feasible_region_solving; source_provenance_tracking,CTHR-style ASP + clingo,cthr_semantic_modeling,fixed_predicted_valid_rule_ids,16,2,"[""moc_intermediate_approach_min"", ""moc_secondary_area_linear_decay""]","[""moc_intermediate_approach_min"", ""rule_moca_mea_publication_requirement""]",0.5,0.5,false,false,false,true,,0.397
Aviation,AVI_SMIX_084,semantic_rule_recovery; numeric_constraint_compilation; multi_objective_feasible_region_solving; source_provenance_tracking,CTHR-style ASP + clingo,cthr_semantic_modeling,fixed_predicted_valid_rule_ids,28,2,"[""buffer_zone_width_sector_boundary"", ""sia_transition_requirement""]","[""buffer_zone_width_sector_boundary"", ""sia_start_point_requirement""]",0.5,0.5,false,false,false,true,,0.523
Aviation,AVI_SMIX_085,semantic_rule_recovery; numeric_constraint_compilation; multi_objective_feasible_region_solving; source_provenance_tracking,CTHR-style ASP + clingo,cthr_semantic_modeling,fixed_predicted_valid_rule_ids,25,2,"[""pbn_intermediate_segment_max_length_gbas"", ""rule_non_si_glide_path_formula""]","[""pbn_intermediate_segment_max_length_gbas"", ""rule_non_si_glide_path_formula""]",1.0,1.0,false,false,false,true,,0.339
Aviation,AVI_SMIX_086,semantic_rule_recovery; numeric_constraint_compilation; multi_objective_feasible_region_solving; source_provenance_tracking,CTHR-style ASP + clingo,cthr_semantic_modeling,fixed_predicted_valid_rule_ids,29,2,"[""pbn_intermediate_segment_stability_requirement"", ""ttaa_buffer_zone_radius""]","[""sia_cda_consideration"", ""ttaa_buffer_zone_radius""]",0.5,0.5,false,false,false,true,,0.493
Aviation,AVI_SMIX_087,semantic_rule_recovery; numeric_constraint_compilation; multi_objective_feasible_region_solving; source_provenance_tracking,CTHR-style ASP + clingo,cthr_semantic_modeling,fixed_predicted_valid_rule_ids,16,2,"[""moc_secondary_area_linear_decay"", ""ttaa_obstacle_clearance_mountain_increase""]","[""rule_moca_mea_publication_requirement"", ""ttaa_obstacle_clearance_mountain_increase""]",0.5,0.5,false,false,false,true,,0.457
Aviation,AVI_SMIX_088,semantic_rule_recovery; numeric_constraint_compilation; multi_objective_feasible_region_solving; source_provenance_tracking,CTHR-style ASP + clingo,cthr_semantic_modeling,fixed_predicted_valid_rule_ids,25,2,"[""pbn_intermediate_segment_max_length_gbas"", ""rule_non_si_glide_path_formula""]","[""ils_crm_input_requirements_mls"", ""pbn_intermediate_segment_max_length_gbas""]",0.5,0.5,false,false,false,true,,0.319
Aviation,AVI_SMIX_089,semantic_rule_recovery; numeric_constraint_compilation; multi_objective_feasible_region_solving; source_provenance_tracking,CTHR-style ASP + clingo,cthr_semantic_modeling,fixed_predicted_valid_rule_ids,28,2,"[""buffer_zone_width_sector_boundary"", ""sia_transition_requirement""]","[""buffer_zone_width_sector_boundary"", ""msd_flyby_non_si_25deg""]",0.5,0.5,false,false,false,true,,0.52
Aviation,AVI_SMIX_090,semantic_rule_recovery; numeric_constraint_compilation; multi_objective_feasible_region_solving; source_provenance_tracking,CTHR-style ASP + clingo,cthr_semantic_modeling,fixed_predicted_valid_rule_ids,26,2,"[""dta_formula"", ""pbn_intermediate_segment_optimum_length_helicopter""]","[""dta_formula"", ""pbn_intermediate_segment_optimum_length_helicopter""]",1.0,1.0,false,false,false,true,,0.262
Aviation,AVI_SMIX_091,semantic_rule_recovery; numeric_constraint_compilation; multi_objective_feasible_region_solving; source_provenance_tracking,CTHR-style ASP + clingo,cthr_semantic_modeling,fixed_predicted_valid_rule_ids,29,2,"[""pbn_intermediate_segment_stability_requirement"", ""ttaa_buffer_zone_radius""]","[""sia_start_point_requirement"", ""ttaa_buffer_zone_radius""]",0.5,0.5,false,false,false,true,,0.528
Aviation,AVI_SMIX_092,semantic_rule_recovery; numeric_constraint_compilation; multi_objective_feasible_region_solving; source_provenance_tracking,CTHR-style ASP + clingo,cthr_semantic_modeling,fixed_predicted_valid_rule_ids,27,2,"[""pbn_intermediate_segment_optimum_length"", ""sia_transition_requirement""]","[""pbn_intermediate_segment_optimum_length"", ""sia_transition_requirement""]",1.0,1.0,false,false,false,true,,0.354
Aviation,AVI_SMIX_093,semantic_rule_recovery; numeric_constraint_compilation; multi_objective_feasible_region_solving; source_provenance_tracking,CTHR-style ASP + clingo,cthr_semantic_modeling,fixed_predicted_valid_rule_ids,25,2,"[""ils_glidepath_angle_range"", ""rule_non_si_glide_path_formula""]","[""ils_glidepath_angle_range"", ""rule_non_si_glide_path_formula""]",1.0,1.0,false,false,false,true,,0.392
Aviation,AVI_SMIX_094,semantic_rule_recovery; numeric_constraint_compilation; multi_objective_feasible_region_solving; source_provenance_tracking,CTHR-style ASP + clingo,cthr_semantic_modeling,fixed_predicted_valid_rule_ids,28,2,"[""buffer_zone_width_sector_boundary"", ""sia_start_point_requirement""]","[""buffer_zone_width_sector_boundary"", ""sia_multi_airport_service_capability""]",0.5,0.5,false,false,false,true,,0.37
Aviation,AVI_SMIX_095,semantic_rule_recovery; numeric_constraint_compilation; multi_objective_feasible_region_solving; source_provenance_tracking,CTHR-style ASP + clingo,cthr_semantic_modeling,fixed_predicted_valid_rule_ids,14,2,"[""descent_gradient_rounding"", ""rule_distance_rounding_rule""]","[""rule_distance_rounding_rule"", ""wd_calculation_formula""]",0.5,0.5,false,false,false,true,,0.484
Aviation,AVI_SMIX_096,semantic_rule_recovery; numeric_constraint_compilation; multi_objective_feasible_region_solving; source_provenance_tracking,CTHR-style ASP + clingo,cthr_semantic_modeling,fixed_predicted_valid_rule_ids,14,2,"[""chart_required_supplementary_data"", ""sbas_fas_db_publication_requirements_5.8.7""]","[""sbas_fas_db_publication_requirements_5.8.7"", ""wd_rounding_requirement""]",0.5,0.5,false,false,false,true,,0.463
Aviation,AVI_SMIX_097,semantic_rule_recovery; numeric_constraint_compilation; multi_objective_feasible_region_solving; source_provenance_tracking,CTHR-style ASP + clingo,cthr_semantic_modeling,fixed_predicted_valid_rule_ids,20,2,"[""missed_approach_transition_surface_i_class"", ""paoas_protection_scope""]","[""missed_approach_transition_surface_i_class"", ""moc_intermediate_approach_segment_7.4.3.8""]",0.5,0.5,false,false,false,true,,0.375
Aviation,AVI_SMIX_098,semantic_rule_recovery; numeric_constraint_compilation; multi_objective_feasible_region_solving; source_provenance_tracking,CTHR-style ASP + clingo,cthr_semantic_modeling,fixed_predicted_valid_rule_ids,25,2,"[""rule_non_si_glide_path_formula"", ""sbas_fas_db_publication_requirements_5.8.7""]","[""ils_crm_input_requirements_mls"", ""sbas_fas_db_publication_requirements_5.8.7""]",0.5,0.5,false,false,false,true,,0.746
Aviation,AVI_SMIX_099,semantic_rule_recovery; numeric_constraint_compilation; multi_objective_feasible_region_solving; source_provenance_tracking,CTHR-style ASP + clingo,cthr_semantic_modeling,fixed_predicted_valid_rule_ids,25,2,"[""ils_glidepath_angle_range"", ""rule_non_si_glide_path_formula""]","[""ils_glidepath_angle_range"", ""rule_non_si_glide_path_formula""]",1.0,1.0,false,false,false,true,,0.38
Aviation,AVI_SMIX_100,semantic_rule_recovery; numeric_constraint_compilation; multi_objective_feasible_region_solving; source_provenance_tracking,CTHR-style ASP + clingo,cthr_semantic_modeling,fixed_predicted_valid_rule_ids,26,2,"[""msd_flyby_non_si_25deg"", ""rf_segment_bank_angle_15deg_above_fl190""]","[""rf_segment_bank_angle_15deg_above_fl190"", ""sia_cda_consideration""]",0.5,0.5,false,false,false,true,,0.39
Aviation,AVI_SMIX_101,semantic_rule_recovery; numeric_constraint_compilation; multi_objective_feasible_region_solving; source_provenance_tracking,CTHR-style ASP + clingo,cthr_semantic_modeling,fixed_predicted_valid_rule_ids,25,2,"[""rule_non_si_glide_path_formula"", ""sbas_fas_db_publication_requirements_5.8.7""]","[""rule_non_si_glide_path_formula"", ""sbas_fas_db_publication_requirements_5.8.7""]",1.0,1.0,false,false,false,true,,0.759
Aviation,AVI_SMIX_102,semantic_rule_recovery; numeric_constraint_compilation; multi_objective_feasible_region_solving; source_provenance_tracking,CTHR-style ASP + clingo,cthr_semantic_modeling,fixed_predicted_valid_rule_ids,27,2,"[""pbn_intermediate_segment_optimum_length"", ""sia_transition_requirement""]","[""pbn_intermediate_segment_optimum_length"", ""pbn_intermediate_segment_stability_requirement""]",0.5,0.5,false,false,false,true,,0.36
Aviation,AVI_SMIX_103,semantic_rule_recovery; numeric_constraint_compilation; multi_objective_feasible_region_solving; source_provenance_tracking,CTHR-style ASP + clingo,cthr_semantic_modeling,fixed_predicted_valid_rule_ids,25,2,"[""msd_flyby_non_si_25deg"", ""rf_segment_max_bank_angle_25deg""]","[""msd_flyby_non_si_25deg"", ""rf_segment_max_bank_angle_25deg""]",1.0,1.0,false,false,false,true,,0.412
Aviation,AVI_SMIX_104,semantic_rule_recovery; numeric_constraint_compilation; multi_objective_feasible_region_solving; source_provenance_tracking,CTHR-style ASP + clingo,cthr_semantic_modeling,fixed_predicted_valid_rule_ids,20,1,"[""dme_arc_radius_range_sector_partition""]","[""dme_arc_radius_range_sector_partition"", ""tnh_calculation_formula""]",1.0,0.5,false,false,false,true,,0.376
Aviation,AVI_SMIX_105,semantic_rule_recovery; numeric_constraint_compilation; multi_objective_feasible_region_solving; source_provenance_tracking,CTHR-style ASP + clingo,cthr_semantic_modeling,fixed_predicted_valid_rule_ids,27,2,"[""rf_segment_bank_angle_15deg_above_fl190"", ""sia_start_point_requirement""]","[""rf_segment_bank_angle_15deg_above_fl190"", ""sia_start_point_requirement""]",1.0,1.0,false,false,false,true,,0.57
Aviation,AVI_SMIX_106,semantic_rule_recovery; numeric_constraint_compilation; multi_objective_feasible_region_solving; source_provenance_tracking,CTHR-style ASP + clingo,cthr_semantic_modeling,fixed_predicted_valid_rule_ids,29,2,"[""pbn_intermediate_segment_stability_requirement"", ""ttaa_buffer_zone_radius""]","[""sia_transition_requirement"", ""ttaa_buffer_zone_radius""]",0.5,0.5,false,false,false,true,,0.487
Aviation,AVI_SMIX_107,semantic_rule_recovery; numeric_constraint_compilation; multi_objective_feasible_region_solving; source_provenance_tracking,CTHR-style ASP + clingo,cthr_semantic_modeling,fixed_predicted_valid_rule_ids,21,2,"[""descent_fix_tolerance"", ""navigation_angle_convention""]","[""I4_4_intermediate_segment_length_formula"", ""descent_fix_tolerance""]",0.5,0.5,false,false,false,true,,0.232
Aviation,AVI_SMIX_108,semantic_rule_recovery; numeric_constraint_compilation; multi_objective_feasible_region_solving; source_provenance_tracking,CTHR-style ASP + clingo,cthr_semantic_modeling,fixed_predicted_valid_rule_ids,26,2,"[""msd_flyby_non_si_25deg"", ""rf_segment_max_bank_angle_25deg""]","[""rf_segment_max_bank_angle_25deg"", ""sia_multi_airport_service_capability""]",0.5,0.5,false,false,false,true,,0.628
Aviation,AVI_SMIX_109,semantic_rule_recovery; numeric_constraint_compilation; multi_objective_feasible_region_solving; source_provenance_tracking,CTHR-style ASP + clingo,cthr_semantic_modeling,fixed_predicted_valid_rule_ids,25,2,"[""pbn_intermediate_segment_max_length_gbas"", ""rule_non_si_glide_path_formula""]","[""pbn_intermediate_segment_max_length_gbas"", ""rule_non_si_glide_path_formula""]",1.0,1.0,false,false,false,true,,0.373
Aviation,AVI_SMIX_110,semantic_rule_recovery; numeric_constraint_compilation; multi_objective_feasible_region_solving; source_provenance_tracking,CTHR-style ASP + clingo,cthr_semantic_modeling,fixed_predicted_valid_rule_ids,26,2,"[""msd_flyby_non_si_25deg"", ""rf_segment_bank_angle_15deg_above_fl190""]","[""msd_flyby_non_si_25deg"", ""rf_segment_bank_angle_15deg_above_fl190""]",1.0,1.0,false,false,false,true,,0.526
Aviation,AVI_SMIX_111,semantic_rule_recovery; numeric_constraint_compilation; multi_objective_feasible_region_solving; source_provenance_tracking,CTHR-style ASP + clingo,cthr_semantic_modeling,fixed_predicted_valid_rule_ids,11,2,"[""descent_gradient_rounding"", ""rule_distance_rounding_rule""]","[""rule_distance_rounding_rule"", ""wd_calculation_formula""]",0.5,0.5,false,false,false,true,,0.225
Aviation,AVI_SMIX_112,semantic_rule_recovery; numeric_constraint_compilation; multi_objective_feasible_region_solving; source_provenance_tracking,CTHR-style ASP + clingo,cthr_semantic_modeling,fixed_predicted_valid_rule_ids,11,1,"[""rule_height_rounding_rule""]","[""rule_height_rounding_rule"", ""wd_rounding_requirement""]",1.0,0.5,false,false,false,true,,0.33
Aviation,AVI_SMIX_113,semantic_rule_recovery; numeric_constraint_compilation; multi_objective_feasible_region_solving; source_provenance_tracking,CTHR-style ASP + clingo,cthr_semantic_modeling,fixed_predicted_valid_rule_ids,9,2,"[""chart_required_supplementary_data"", ""sbas_fas_db_publication_requirements_5.8.7""]","[""chart_required_supplementary_data"", ""sbas_fas_db_publication_requirements_5.8.7""]",1.0,1.0,false,false,false,true,,0.669
Aviation,AVI_SMIX_114,semantic_rule_recovery; numeric_constraint_compilation; multi_objective_feasible_region_solving; source_provenance_tracking,CTHR-style ASP + clingo,cthr_semantic_modeling,fixed_predicted_valid_rule_ids,20,1,"[""dme_arc_radius_range_sector_partition""]","[""dme_arc_radius_range_sector_partition"", ""ha_conversion_formula""]",1.0,0.5,false,false,false,true,,0.386
Aviation,AVI_SMIX_115,semantic_rule_recovery; numeric_constraint_compilation; multi_objective_feasible_region_solving; source_provenance_tracking,CTHR-style ASP + clingo,cthr_semantic_modeling,fixed_predicted_valid_rule_ids,21,2,"[""ha_conversion_formula"", ""vor_fix_tolerance_cone_half_angle""]","[""tnh_calculation_formula"", ""vor_fix_tolerance_cone_half_angle""]",0.5,0.5,false,false,false,true,,0.25
Aviation,AVI_SMIX_116,semantic_rule_recovery; numeric_constraint_compilation; multi_objective_feasible_region_solving; source_provenance_tracking,CTHR-style ASP + clingo,cthr_semantic_modeling,fixed_predicted_valid_rule_ids,29,2,"[""pbn_intermediate_segment_stability_requirement"", ""ttaa_buffer_zone_radius""]","[""pbn_intermediate_segment_stability_requirement"", ""ttaa_buffer_zone_radius""]",1.0,1.0,false,false,false,true,,0.514
Aviation,AVI_SMIX_117,semantic_rule_recovery; numeric_constraint_compilation; multi_objective_feasible_region_solving; source_provenance_tracking,CTHR-style ASP + clingo,cthr_semantic_modeling,fixed_predicted_valid_rule_ids,25,2,"[""ils_glidepath_angle_range"", ""rule_non_si_glide_path_formula""]","[""ils_glidepath_angle_range"", ""rule_non_si_glide_path_formula""]",1.0,1.0,false,false,false,true,,0.382
Aviation,AVI_SMIX_118,semantic_rule_recovery; numeric_constraint_compilation; multi_objective_feasible_region_solving; source_provenance_tracking,CTHR-style ASP + clingo,cthr_semantic_modeling,fixed_predicted_valid_rule_ids,25,2,"[""msd_flyby_non_si_25deg"", ""rf_segment_max_bank_angle_25deg""]","[""msd_flyover_si_20deg"", ""rf_segment_max_bank_angle_25deg""]",0.5,0.5,false,false,false,true,,0.415
Aviation,AVI_SMIX_119,semantic_rule_recovery; numeric_constraint_compilation; multi_objective_feasible_region_solving; source_provenance_tracking,CTHR-style ASP + clingo,cthr_semantic_modeling,fixed_predicted_valid_rule_ids,15,2,"[""rule_height_rounding_rule"", ""wd_calculation_formula""]","[""rule_height_rounding_rule"", ""wd_calculation_formula""]",1.0,1.0,false,false,false,true,,0.351
Aviation,AVI_SMIX_120,semantic_rule_recovery; numeric_constraint_compilation; multi_objective_feasible_region_solving; source_provenance_tracking,CTHR-style ASP + clingo,cthr_semantic_modeling,fixed_predicted_valid_rule_ids,21,2,"[""ha_conversion_formula"", ""vor_fix_tolerance_cone_half_angle""]","[""C3_2_3_4_template_contour_construction"", ""vor_fix_tolerance_cone_half_angle""]",0.5,0.5,false,false,false,true,,0.263
Aviation,AVI_SMIX_121,semantic_rule_recovery; numeric_constraint_compilation; multi_objective_feasible_region_solving; source_provenance_tracking,CTHR-style ASP + clingo,cthr_semantic_modeling,fixed_predicted_valid_rule_ids,10,2,"[""chart_required_supplementary_data"", ""sbas_fas_db_publication_requirements_5.8.7""]","[""chart_required_supplementary_data"", ""sbas_fas_db_publication_requirements_5.8.7""]",1.0,1.0,false,false,false,true,,0.571
Aviation,AVI_SMIX_122,semantic_rule_recovery; numeric_constraint_compilation; multi_objective_feasible_region_solving; source_provenance_tracking,CTHR-style ASP + clingo,cthr_semantic_modeling,fixed_predicted_valid_rule_ids,11,1,"[""rule_height_rounding_rule""]","[""descent_gradient_rounding"", ""rule_height_rounding_rule""]",1.0,0.5,false,false,false,true,,0.344
Aviation,AVI_SMIX_123,semantic_rule_recovery; numeric_constraint_compilation; multi_objective_feasible_region_solving; source_provenance_tracking,CTHR-style ASP + clingo,cthr_semantic_modeling,fixed_predicted_valid_rule_ids,13,2,"[""chart_required_supplementary_data"", ""sbas_fas_db_publication_requirements_5.8.7""]","[""sbas_fas_db_publication_requirements_5.8.7"", ""wd_calculation_formula""]",0.5,0.5,false,false,false,true,,0.458
Aviation,AVI_SMIX_124,semantic_rule_recovery; numeric_constraint_compilation; multi_objective_feasible_region_solving; source_provenance_tracking,CTHR-style ASP + clingo,cthr_semantic_modeling,fixed_predicted_valid_rule_ids,28,2,"[""buffer_zone_width_sector_boundary"", ""sia_start_point_requirement""]","[""buffer_zone_width_sector_boundary"", ""msd_flyby_non_si_25deg""]",0.5,0.5,false,false,false,true,,0.369
Aviation,AVI_SMIX_125,semantic_rule_recovery; numeric_constraint_compilation; multi_objective_feasible_region_solving; source_provenance_tracking,CTHR-style ASP + clingo,cthr_semantic_modeling,fixed_predicted_valid_rule_ids,25,2,"[""rule_non_si_glide_path_formula"", ""sbas_fas_db_publication_requirements_5.8.7""]","[""rule_non_si_glide_path_formula"", ""sbas_fas_db_publication_requirements_5.8.7""]",1.0,1.0,false,false,false,true,,0.798
Aviation,AVI_SMIX_126,semantic_rule_recovery; numeric_constraint_compilation; multi_objective_feasible_region_solving; source_provenance_tracking,CTHR-style ASP + clingo,cthr_semantic_modeling,fixed_predicted_valid_rule_ids,29,2,"[""pbn_intermediate_segment_stability_requirement"", ""ttaa_buffer_zone_radius""]","[""sia_start_point_requirement"", ""ttaa_buffer_zone_radius""]",0.5,0.5,false,false,false,true,,0.668
Aviation,AVI_SMIX_127,semantic_rule_recovery; numeric_constraint_compilation; multi_objective_feasible_region_solving; source_provenance_tracking,CTHR-style ASP + clingo,cthr_semantic_modeling,fixed_predicted_valid_rule_ids,11,1,"[""rule_height_rounding_rule""]","[""rule_height_rounding_rule"", ""wd_calculation_formula""]",1.0,0.5,false,false,false,true,,0.339
Aviation,AVI_SMIX_128,semantic_rule_recovery; numeric_constraint_compilation; multi_objective_feasible_region_solving; source_provenance_tracking,CTHR-style ASP + clingo,cthr_semantic_modeling,fixed_predicted_valid_rule_ids,24,2,"[""RA-6.3.4-align-final-approach-track"", ""moc_intermediate_approach_min""]","[""RA-6.3.4-align-final-approach-track"", ""moc_intermediate_approach_min""]",1.0,1.0,false,false,false,true,,0.538
Aviation,AVI_SMIX_129,semantic_rule_recovery; numeric_constraint_compilation; multi_objective_feasible_region_solving; source_provenance_tracking,CTHR-style ASP + clingo,cthr_semantic_modeling,fixed_predicted_valid_rule_ids,12,2,"[""descent_gradient_rounding"", ""rule_distance_rounding_rule""]","[""chart_required_supplementary_data"", ""rule_distance_rounding_rule""]",0.5,0.5,false,false,false,true,,0.344
Aviation,AVI_SMIX_130,semantic_rule_recovery; numeric_constraint_compilation; multi_objective_feasible_region_solving; source_provenance_tracking,CTHR-style ASP + clingo,cthr_semantic_modeling,fixed_predicted_valid_rule_ids,25,2,"[""holding_speed_helicopter_6000ft_or_below"", ""intermediate_segment_length_table""]","[""holding_speed_helicopter_6000ft_or_below"", ""intermediate_segment_length_table""]",1.0,1.0,false,false,false,true,,0.513
Aviation,AVI_SMIX_131,semantic_rule_recovery; numeric_constraint_compilation; multi_objective_feasible_region_solving; source_provenance_tracking,CTHR-style ASP + clingo,cthr_semantic_modeling,fixed_predicted_valid_rule_ids,25,2,"[""rule_non_si_glide_path_formula"", ""sbas_fas_db_publication_requirements_5.8.7""]","[""rule_non_si_glide_path_formula"", ""sbas_fas_db_publication_requirements_5.8.7""]",1.0,1.0,false,false,false,true,,0.75
Aviation,AVI_SMIX_132,semantic_rule_recovery; numeric_constraint_compilation; multi_objective_feasible_region_solving; source_provenance_tracking,CTHR-style ASP + clingo,cthr_semantic_modeling,fixed_predicted_valid_rule_ids,25,2,"[""ils_glidepath_angle_range"", ""rule_non_si_glide_path_formula""]","[""ils_crm_input_requirements_mls"", ""ils_glidepath_angle_range""]",0.5,0.5,false,false,false,true,,0.397
Aviation,AVI_SMIX_133,semantic_rule_recovery; numeric_constraint_compilation; multi_objective_feasible_region_solving; source_provenance_tracking,CTHR-style ASP + clingo,cthr_semantic_modeling,fixed_predicted_valid_rule_ids,25,2,"[""pbn_intermediate_segment_max_length_gbas"", ""rule_non_si_glide_path_formula""]","[""pbn_intermediate_segment_max_length_gbas"", ""rule_non_si_glide_path_formula""]",1.0,1.0,false,false,false,true,,0.373
Aviation,AVI_SMIX_134,semantic_rule_recovery; numeric_constraint_compilation; multi_objective_feasible_region_solving; source_provenance_tracking,CTHR-style ASP + clingo,cthr_semantic_modeling,fixed_predicted_valid_rule_ids,28,2,"[""buffer_zone_width_sector_boundary"", ""sia_transition_requirement""]","[""buffer_zone_width_sector_boundary"", ""sia_transition_requirement""]",1.0,1.0,false,false,false,true,,0.5
Aviation,AVI_SMIX_135,semantic_rule_recovery; numeric_constraint_compilation; multi_objective_feasible_region_solving; source_provenance_tracking,CTHR-style ASP + clingo,cthr_semantic_modeling,fixed_predicted_valid_rule_ids,27,2,"[""rf_segment_bank_angle_15deg_above_fl190"", ""sia_start_point_requirement""]","[""rf_segment_bank_angle_15deg_above_fl190"", ""sia_cda_consideration""]",0.5,0.5,false,false,false,true,,0.527
Aviation,AVI_SMIX_136,semantic_rule_recovery; numeric_constraint_compilation; multi_objective_feasible_region_solving; source_provenance_tracking,CTHR-style ASP + clingo,cthr_semantic_modeling,fixed_predicted_valid_rule_ids,20,2,"[""missed_approach_transition_surface_i_class"", ""paoas_protection_scope""]","[""missed_approach_transition_surface_i_class"", ""paoas_protection_scope""]",1.0,1.0,false,false,false,true,,0.423
Aviation,AVI_SMIX_137,semantic_rule_recovery; numeric_constraint_compilation; multi_objective_feasible_region_solving; source_provenance_tracking,CTHR-style ASP + clingo,cthr_semantic_modeling,fixed_predicted_valid_rule_ids,16,2,"[""moc_intermediate_approach_min"", ""paoas_protection_scope""]","[""moc_intermediate_approach_min"", ""moc_intermediate_approach_segment_7.4.3.8""]",0.5,0.5,false,false,false,true,,0.379
Aviation,AVI_SMIX_138,semantic_rule_recovery; numeric_constraint_compilation; multi_objective_feasible_region_solving; source_provenance_tracking,CTHR-style ASP + clingo,cthr_semantic_modeling,fixed_predicted_valid_rule_ids,17,2,"[""moc_secondary_area_linear_decay"", ""ttaa_obstacle_clearance_mountain_increase""]","[""moc_secondary_area_linear_decay"", ""ttaa_obstacle_clearance_mountain_increase""]",1.0,1.0,false,false,false,true,,0.41
Aviation,AVI_SMIX_139,semantic_rule_recovery; numeric_constraint_compilation; multi_objective_feasible_region_solving; source_provenance_tracking,CTHR-style ASP + clingo,cthr_semantic_modeling,fixed_predicted_valid_rule_ids,20,2,"[""missed_approach_transition_surface_i_class"", ""paoas_protection_scope""]","[""missed_approach_transition_surface_i_class"", ""rule_moca_mea_publication_requirement""]",0.5,0.5,false,false,false,true,,0.465
Aviation,AVI_SMIX_140,semantic_rule_recovery; numeric_constraint_compilation; multi_objective_feasible_region_solving; source_provenance_tracking,CTHR-style ASP + clingo,cthr_semantic_modeling,fixed_predicted_valid_rule_ids,26,2,"[""msd_flyby_non_si_25deg"", ""rf_segment_bank_angle_15deg_above_fl190""]","[""rf_segment_bank_angle_15deg_above_fl190"", ""sia_start_point_requirement""]",0.5,0.5,false,false,false,true,,0.602
Aviation,AVI_SMIX_141,semantic_rule_recovery; numeric_constraint_compilation; multi_objective_feasible_region_solving; source_provenance_tracking,CTHR-style ASP + clingo,cthr_semantic_modeling,fixed_predicted_valid_rule_ids,25,2,"[""ils_glidepath_angle_range"", ""rule_non_si_glide_path_formula""]","[""ils_glidepath_angle_range"", ""rule_non_si_glide_path_formula""]",1.0,1.0,false,false,false,true,,0.393
Aviation,AVI_SMIX_142,semantic_rule_recovery; numeric_constraint_compilation; multi_objective_feasible_region_solving; source_provenance_tracking,CTHR-style ASP + clingo,cthr_semantic_modeling,fixed_predicted_valid_rule_ids,27,2,"[""pbn_intermediate_segment_optimum_length"", ""sia_transition_requirement""]","[""pbn_intermediate_segment_optimum_length"", ""sia_cda_consideration""]",0.5,0.5,false,false,false,true,,0.393
Aviation,AVI_SMIX_143,semantic_rule_recovery; numeric_constraint_compilation; multi_objective_feasible_region_solving; source_provenance_tracking,CTHR-style ASP + clingo,cthr_semantic_modeling,fixed_predicted_valid_rule_ids,17,2,"[""moc_intermediate_approach_min"", ""paoas_protection_scope""]","[""moc_intermediate_approach_min"", ""rule_moca_mea_publication_requirement""]",0.5,0.5,false,false,false,true,,0.389
Aviation,AVI_SMIX_144,semantic_rule_recovery; numeric_constraint_compilation; multi_objective_feasible_region_solving; source_provenance_tracking,CTHR-style ASP + clingo,cthr_semantic_modeling,fixed_predicted_valid_rule_ids,25,2,"[""ils_glidepath_angle_range"", ""rule_non_si_glide_path_formula""]","[""ils_crm_input_requirements_mls"", ""ils_glidepath_angle_range""]",0.5,0.5,false,false,false,true,,0.418
Aviation,AVI_SMIX_145,semantic_rule_recovery; numeric_constraint_compilation; multi_objective_feasible_region_solving; source_provenance_tracking,CTHR-style ASP + clingo,cthr_semantic_modeling,fixed_predicted_valid_rule_ids,26,2,"[""msd_flyby_non_si_25deg"", ""rf_segment_bank_angle_15deg_above_fl190""]","[""msd_flyby_non_si_25deg"", ""rf_segment_bank_angle_15deg_above_fl190""]",1.0,1.0,false,false,false,true,,0.425
Aviation,AVI_SMIX_146,semantic_rule_recovery; numeric_constraint_compilation; multi_objective_feasible_region_solving; source_provenance_tracking,CTHR-style ASP + clingo,cthr_semantic_modeling,fixed_predicted_valid_rule_ids,24,2,"[""RA-6.3.4-align-final-approach-track"", ""moc_intermediate_approach_min""]","[""RA-6.3.4-align-final-approach-track"", ""moc_intermediate_approach_min""]",1.0,1.0,false,false,false,true,,0.54
Aviation,AVI_SMIX_147,semantic_rule_recovery; numeric_constraint_compilation; multi_objective_feasible_region_solving; source_provenance_tracking,CTHR-style ASP + clingo,cthr_semantic_modeling,fixed_predicted_valid_rule_ids,26,2,"[""pbn_intermediate_segment_optimum_length"", ""sia_start_point_requirement""]","[""pbn_intermediate_segment_optimum_length"", ""sia_start_point_requirement""]",1.0,1.0,false,false,false,true,,0.415
Aviation,AVI_SMIX_148,semantic_rule_recovery; numeric_constraint_compilation; multi_objective_feasible_region_solving; source_provenance_tracking,CTHR-style ASP + clingo,cthr_semantic_modeling,fixed_predicted_valid_rule_ids,25,2,"[""msd_flyby_non_si_25deg"", ""rf_segment_max_bank_angle_25deg""]","[""rf_segment_max_bank_angle_25deg"", ""sia_transition_requirement""]",0.5,0.5,false,false,false,true,,0.406
Aviation,AVI_SMIX_149,semantic_rule_recovery; numeric_constraint_compilation; multi_objective_feasible_region_solving; source_provenance_tracking,CTHR-style ASP + clingo,cthr_semantic_modeling,fixed_predicted_valid_rule_ids,25,2,"[""rule_non_si_glide_path_formula"", ""sbas_fas_db_publication_requirements_5.8.7""]","[""rule_non_si_glide_path_formula"", ""sbas_fas_db_publication_requirements_5.8.7""]",1.0,1.0,false,false,false,true,,0.796
Aviation,AVI_SMIX_150,semantic_rule_recovery; numeric_constraint_compilation; multi_objective_feasible_region_solving; source_provenance_tracking,CTHR-style ASP + clingo,cthr_semantic_modeling,fixed_predicted_valid_rule_ids,27,2,"[""rf_segment_bank_angle_15deg_above_fl190"", ""sia_start_point_requirement""]","[""rf_segment_bank_angle_15deg_above_fl190"", ""sia_multi_airport_service_capability""]",0.5,0.5,false,false,false,true,,0.829
